{"type":"Topology","arcs":[[[22861,51836],[68,-5],[30,-84],[32,6],[9,3],[41,30],[19,-1],[16,-26],[3,-6],[34,19],[30,-79],[2,2],[1,1],[1,1],[23,14],[47,19],[24,28],[2,2],[0,1],[0,5],[2,8],[1,5],[3,1],[3,2],[55,-14],[114,27],[38,-65],[51,-9],[18,4],[6,0],[19,-6],[9,-4],[1,-14],[3,-17],[0,-8],[-43,-73],[0,-5],[3,-8],[16,-27],[24,-67],[-2,-10],[-12,-14],[-4,-16],[1,-14],[7,-12],[-12,-7],[-28,-45],[32,-167],[41,-6],[47,17],[26,-2],[11,-4],[1,-3],[14,-21],[6,-4],[13,-2],[1,-3],[4,-15],[-9,-28],[7,-4],[8,-16],[-3,-44],[-5,-13],[-8,-8],[-18,-17],[-28,-22],[-15,-46],[-3,-18],[14,-15],[55,4],[35,-13],[11,-7],[10,-25],[-3,-5],[-2,-3],[0,-4],[1,-8],[3,-12],[3,-19],[-1,-12],[-4,-19],[-2,-8],[13,-48],[-23,-32],[-15,-18],[4,-13],[12,-19],[7,-13],[4,-8],[-2,-17],[-9,-4],[-2,-1],[-1,0],[-17,-2],[-3,-1],[-9,-16],[-21,-50],[-11,-46],[-74,-83],[29,-53],[-30,-117],[36,-53],[77,27],[21,-23],[4,11],[16,20],[53,46],[49,27],[5,3],[22,8],[27,10],[5,2],[32,5],[75,1],[32,0],[22,15],[35,25],[18,11],[54,43],[40,25],[18,0],[0,0],[15,0],[46,15],[6,-61],[20,-32],[15,-62],[7,-23],[8,-14],[2,-4],[7,-23],[-3,-34],[-3,-53],[0,-4],[1,-2],[3,-3],[11,-26],[-2,-30],[1,-13],[7,-14],[-17,14],[-23,2],[-31,-11],[-103,-11],[-19,4],[-29,-39],[-5,-6],[-27,-39],[-30,-44],[-4,-52],[-35,-46],[-16,-33],[-28,-31],[2,-29],[4,-5],[0,-1],[0,-3],[-6,-4],[-1,0],[-1,-1],[-12,0],[-12,-11],[-18,-54],[-2,-14],[0,-1],[3,-3],[11,-18],[-3,-14],[41,-24],[21,-1],[9,5],[4,4],[17,0],[8,-7],[4,-5],[41,-13],[12,15],[11,-9],[16,-14],[6,-8],[2,-2],[0,-6],[-3,-5],[-11,-40],[0,-5],[1,-7],[0,-3],[-3,-9],[0,-1],[-1,-1],[-1,-2],[-2,-1],[-16,-34],[-2,-12],[-66,-44],[-17,-13],[-11,-28],[-2,-33],[-1,-16],[0,-1],[-34,-37],[-79,4],[-20,3],[-3,1],[-2,-25],[2,-46],[-18,-7],[-40,10],[-21,-23],[-7,-3],[-5,-4],[-13,-10],[-42,-33],[-4,-8],[-1,-12],[0,-20],[-2,0],[-4,-1],[-4,0],[-3,1],[0,0],[-15,10],[-20,24],[-71,6],[-48,-63],[-39,-3],[-13,-3],[-3,-2],[-44,-70],[-4,-9],[-1,-4],[0,0],[-2,-36],[-75,-50],[-11,3],[-29,10],[-35,0],[14,-50],[-39,-81],[-38,-16],[-43,9],[-13,-4],[-60,-9],[-29,11],[-7,5],[-21,5],[-60,80],[-39,6],[-13,8],[-3,11],[-1,7],[0,4],[8,7],[1,0],[3,3],[2,3],[8,14],[4,10],[1,4],[1,5],[1,2],[0,8],[-4,35],[0,3],[-1,2],[-7,15],[-5,9],[-6,8],[4,23],[8,11],[0,3],[-3,11],[-17,42],[-4,36],[0,9],[-13,10],[-19,7],[-7,-2],[-5,-1],[-34,-82],[-10,-7],[-36,-15],[-66,-15],[-36,10],[-14,17],[-45,77],[-17,35],[-56,-60],[-137,-67],[-44,-8],[-30,-9],[-27,-30],[-11,-26],[-27,-13],[-32,-23],[-4,-12],[0,0],[4,-20],[3,-16],[-8,-15],[-8,-5],[0,0],[-38,-13],[-178,-39],[-34,68],[-79,86],[-91,-106],[-60,-16],[-28,-53],[-8,-2],[-10,-1],[-8,0],[-35,5],[-10,27],[-26,25],[-32,79],[-17,81],[-73,40],[-14,71],[-19,19],[17,16],[-6,12],[-23,29],[-34,52],[-17,34],[-2,3],[-16,37],[-1,4],[-8,19],[-6,0],[1,4],[0,8],[-10,17],[0,3],[7,10],[4,2],[16,-11],[3,4],[13,18],[4,7],[-60,19],[-8,54],[-77,-49],[-83,-93],[-54,1],[-15,-91],[-245,28],[-18,-35],[-29,17],[1,4],[2,9],[3,4],[1,1],[10,14],[8,7],[1,0],[9,0],[7,11],[3,8],[6,21],[12,51],[13,9],[6,6],[0,4],[-2,6],[-21,24],[-7,3],[-52,27],[-2,4],[-13,32],[63,32],[18,34],[6,62],[19,33],[1,44],[3,41],[9,20],[5,51],[19,17],[3,10],[-2,26],[-11,8],[-14,1],[-8,9],[-27,50],[5,17],[-6,31],[3,16],[-2,0],[-3,1],[-6,0],[-15,0],[-29,-2],[-26,1],[-5,0],[-7,1],[-48,34],[-51,-12],[-2,-1],[-13,-11],[-9,-11],[-3,-15],[2,-1],[2,-3],[0,-1],[1,-13],[-1,0],[-3,-2],[-44,-20],[-5,18],[-1,29],[-8,19],[-23,26],[-34,23],[-14,0],[-15,1],[-57,7],[-61,19],[-38,41],[-1,13],[-10,7],[-1,6],[-15,10],[-1,3],[59,20],[45,53],[1,1],[2,0],[3,-1],[12,-17],[5,-2],[-1,7],[-7,33],[-1,30],[33,18],[9,11],[-1,14],[11,39],[48,22],[11,17],[22,42],[3,5],[3,0],[6,-11],[14,16],[0,16],[-3,17],[68,37],[3,4],[2,14],[-8,30],[-27,36],[5,54],[19,29],[4,5],[21,23],[142,-110],[24,-33],[112,-76],[206,-157],[0,22],[12,3],[8,2],[34,12],[39,18],[68,13],[31,3],[13,0],[10,-1],[4,73],[8,18],[24,32],[49,55],[2,-32],[20,-27],[37,-2],[47,3],[16,9],[13,3],[2,0],[6,50],[8,23],[1,35],[-3,9],[-6,12],[-3,9],[20,20],[-4,22],[-3,5],[-6,26],[-1,6],[0,4],[-3,21],[29,87],[35,35],[49,253],[113,21],[70,47],[22,5],[13,4],[5,1],[37,57],[23,17],[6,2],[45,15],[5,-6],[0,-1],[0,-2],[-2,-13],[1,-2],[88,-48],[20,-121],[39,-101],[35,-29],[162,64],[16,48],[-7,61],[-52,114],[125,108],[11,106],[-7,31],[-3,13],[39,44],[110,20],[-1,9],[-1,2],[-1,53],[13,37],[0,38],[55,54],[63,-20]],[[39995,22270],[61,-41],[1,-216],[-25,-104],[55,-50],[77,29],[32,-46],[13,-115],[-23,-90],[-50,-74],[-83,-192],[58,-39],[-33,-115],[-136,-29],[-8,72],[46,118],[-35,63],[-92,30],[10,61],[-23,171],[-63,85],[-59,2],[-41,137],[102,20],[-9,60],[260,51],[0,72],[-198,-1]],[[39832,22129],[0,61],[67,1],[75,36],[21,43]],[[39919,22349],[25,54],[116,4],[58,44],[12,81],[-32,23]],[[40098,22555],[-2,-1]],[[40096,22554],[-32,43],[17,58],[-45,67],[-60,-15]],[[39976,22707],[-16,23]],[[39960,22730],[-91,23],[-126,105],[-3,53],[-77,120],[32,21]],[[39695,23052],[14,-11]],[[39709,23041],[70,27],[95,-3],[67,-46],[189,21],[32,76],[119,38],[81,-4],[43,-39],[-26,-63],[111,9],[-48,125],[45,11],[8,128],[-47,54],[-2,58],[-56,101],[82,95],[67,50],[102,-13],[110,40],[39,65],[72,-69],[87,41],[100,82],[83,-23],[229,23],[109,28],[96,49],[42,46],[174,423],[129,16],[97,-23],[67,22],[56,69],[-16,34],[56,99],[114,-3],[39,-41],[155,144],[81,7],[126,69],[-2,82],[61,65],[69,117],[-18,52],[52,117],[40,20],[-4,70],[-71,78],[50,31],[168,-19],[117,-55],[16,-29],[109,-58],[37,1],[71,77],[73,30],[51,59],[4,108],[-53,69],[72,65]],[[43528,25644],[13,-7],[10,-10],[14,-22],[61,-41],[66,-20],[111,24],[49,-10],[46,46],[63,-18],[57,47],[53,-30],[46,16],[128,-153],[52,-77],[1,-15],[-4,-24],[-4,-9],[-3,-3],[-3,-20],[-4,-32],[42,-62],[-10,-53],[-4,-7],[-13,-18],[-12,-11],[-11,-17],[14,-9],[6,-4],[36,-12],[40,1],[20,-28],[76,-9],[23,-22],[4,-20],[13,-24],[3,-2],[4,-1],[0,-3],[9,-56],[-5,-1],[-7,59],[-10,-1],[2,-50],[-43,-79],[-91,2],[-13,55],[-72,35],[-118,-55],[-59,-70],[-38,-115],[27,-154],[-15,-84],[-35,-50],[-23,-95],[-71,10],[-24,-93],[-66,8],[2,-81],[67,22],[88,-4],[-3,-160],[-73,-10],[-15,-69],[18,-77],[-32,-26],[-22,-90],[-80,-8],[-83,-91],[76,-94],[1,-67],[-49,-26],[-16,-123],[-84,18],[-41,-47],[-98,-45],[-33,-166],[-173,-102],[-77,47],[-144,-32],[-17,-49],[-96,28],[-38,79],[-75,-1],[29,-75],[-92,-18],[-82,-42],[20,-101],[-55,-46],[55,-48],[106,-158],[-49,-215],[-109,39],[-120,-130],[-42,31],[-46,110],[-146,0],[-72,52],[61,97],[-7,61],[-74,8],[-87,-55],[-71,31],[20,-93],[-124,-178],[-107,-13],[3,-118],[-20,-101],[-72,-27],[41,-48],[10,-89],[-102,-106],[-26,90],[21,29],[-53,92],[-14,116],[-104,29],[18,-92],[4,-140],[57,-171],[-27,-45],[-57,10],[-39,144],[-36,21],[-69,-35],[22,-96],[-63,11],[-51,-71],[-72,53],[-24,59],[-68,328],[45,146],[9,133],[-69,8],[-12,-93],[-42,-142],[-98,-139],[-40,49],[32,71],[-16,91],[-126,-34],[-44,-38],[-10,-85],[-151,0],[-1,85],[38,134],[14,151],[47,74],[-76,25],[-77,-141],[-16,-200],[-37,-123],[-130,17],[-19,27],[-293,3],[-20,56],[-30,-1],[-108,98]],[[37161,28988],[-111,-40],[-83,-54],[-25,-278],[36,-41],[-41,-79],[-102,-9],[-134,-40],[-49,56],[-52,-40],[-98,45],[-37,-36],[-96,9],[-135,-161],[-87,13],[-94,-98],[-59,-23],[-37,32],[-180,-87],[-15,-35],[-101,49]],[[35661,28171],[158,80],[122,168],[-11,145],[-78,92],[-183,147],[-97,101],[-49,75],[-53,173],[2,74],[67,53],[226,-81],[136,-15],[144,-49],[126,38],[81,89],[8,87],[-29,123],[-96,85],[-289,172],[-74,133],[83,150],[45,50],[106,244],[121,115],[191,-1],[-1,-37],[280,-1],[106,114],[14,58],[-19,102],[-81,39],[-36,55],[-178,93],[-50,15],[-242,29],[-30,14],[-251,3],[-57,9],[6,145],[142,348],[-1,41],[77,9],[89,147],[19,86],[47,17],[49,75],[96,24],[22,38],[111,19],[13,74],[88,-50],[61,-5],[62,-43],[-30,-127],[-5,-100],[-69,-66],[22,-95],[71,-65],[88,-2],[42,40],[55,-80],[93,-18],[10,147],[43,88],[64,22],[82,115],[37,18],[54,169],[-25,136],[22,89],[-41,41],[-37,152],[44,58],[110,-60],[33,-101],[66,-63],[29,124],[79,14],[77,61],[99,-12],[186,98],[150,232],[113,8],[96,39],[98,-37],[125,32],[50,36],[76,0],[172,33],[83,-69],[128,-22],[94,-67],[67,-105],[-37,-86],[67,-89],[78,-53],[-31,-146],[-38,-31],[49,-150],[-42,-74],[-19,-106],[49,-89],[118,-59],[43,-93],[-31,-37],[9,-83],[36,-99],[-34,-107],[28,-48],[-8,-88],[-88,-98],[-114,-69],[-33,1],[-90,72],[13,-128],[-24,-71],[-150,-154],[5,-57],[45,-46],[35,-121],[-69,-29],[-121,-112],[-142,-48],[-9,-70],[52,-96],[-7,-77],[47,-50],[40,-97],[-59,-176],[16,-105],[-74,-61],[1,-46],[-117,-29],[-70,18],[-66,-30],[-99,-110],[-75,-27],[-70,12],[-105,-45],[-56,79],[18,117],[-56,54],[46,68],[-8,68],[-61,24],[-45,-26],[-80,4],[-45,-63],[-86,81],[-83,-47],[-78,15],[-24,-70],[-82,-38],[-78,-78],[-102,-34],[-52,-42],[57,-107],[-19,-76],[27,-32],[-46,-122]],[[14191,46994],[36,-162],[63,1],[-22,-79],[42,-50],[43,54],[118,-56],[32,-102],[75,20],[161,-77],[-1,-22],[-155,-58],[-57,-39],[8,-78],[-174,-31],[-80,-36],[-54,28],[42,49],[-45,86],[-138,78],[-59,-28],[22,117],[-31,7],[12,119],[44,42],[10,77],[57,65],[-22,70],[73,5]],[[17739,46675],[2,-28],[-109,-32],[-22,-73],[-106,-86],[-43,70],[-164,-2],[-34,25],[-8,234],[48,136],[-21,94],[121,-27],[52,37],[23,95],[111,8],[30,27],[113,-58],[61,22],[94,-75],[-33,-39],[31,-121],[39,-57],[-47,-43],[-39,59],[-55,-51],[-65,7],[-20,-43],[41,-79]],[[17935,49922],[88,36],[100,-40],[22,-62],[67,-5],[141,-78],[59,4],[103,-36],[51,-79],[74,-56],[53,-131],[-115,-78],[-57,-58],[-164,-37],[-158,-22],[-118,-58],[-109,-36],[-134,-128],[-76,-113],[-391,-265],[-151,18],[-65,-16],[-60,148],[-83,40],[-98,92],[-96,-63],[-163,10],[35,70],[-33,104],[-68,13],[-43,61],[-2,71],[92,59],[84,-26],[374,253],[48,27],[316,30],[179,-11],[42,10],[176,92],[22,207],[58,53]],[[20036,50630],[12,-16]],[[20048,50614],[178,7],[52,-125],[57,-13],[21,57],[92,33],[50,-36],[86,-14],[48,20],[63,-45]],[[20695,50498],[-14,-16],[-12,6],[-22,-42],[-11,-17],[-48,-22],[-19,-64],[-33,-18],[1,-30],[7,-33],[-4,-5],[-12,17],[-3,1],[-2,0],[-1,-1],[-22,-29],[-23,-24],[-43,-33]],[[20434,50188],[0,-8],[-9,-34],[-18,-48],[-10,-77],[-15,-18]],[[20382,50003],[-4,-25]],[[20378,49978],[3,-181],[-24,-45],[-119,-9],[-37,-70],[20,-78],[-19,-84],[6,-86],[125,-46],[34,-67],[84,-59],[97,1],[15,-68],[-17,-100],[10,-67],[-51,-6],[-47,-84],[23,-75],[-19,-102],[-87,-12],[-64,-42],[11,-59]],[[20322,48639],[-26,-73],[-71,-97],[-169,-183],[-88,-60],[-211,20],[-266,-333],[-21,-39],[-92,-30],[-122,-4],[-14,-56],[-168,-3],[-88,20],[-176,-3],[12,45],[-126,-1],[-1,87],[360,-9],[1,-73],[201,1],[64,28],[53,66],[-362,265],[-60,88],[-2,329],[-83,39],[67,81],[235,1],[21,34],[-221,0],[19,92],[-56,35],[-129,-32],[-10,126],[95,83],[-71,85],[86,6],[184,-80],[24,45],[-118,55],[13,42],[-31,79],[-51,-19],[28,-72],[-59,-40],[-83,58],[54,125],[54,51],[284,109],[30,94],[-82,0],[0,-43],[-76,-47],[-173,-4],[1,178],[-18,24],[-2,220],[-35,1],[-22,173],[96,68],[-53,79],[-84,-7],[-53,66],[20,35],[-132,210],[146,44],[144,91],[38,49],[59,10]],[[19006,50768],[96,-32],[108,273],[94,9],[66,121],[123,-26],[115,-72],[40,-51],[106,-53],[97,-98],[35,-77],[53,-12],[22,-50],[75,-70]],[[10406,51598],[55,4],[18,-53],[-63,-63],[-30,-63],[-129,-103],[-57,-24],[-53,118],[40,20],[-12,73],[-53,46],[-8,52],[136,-35],[136,53],[20,-25]],[[16293,52364],[-54,-57],[-51,-128],[-3,-177],[45,-59],[50,-16],[63,-71],[76,-46],[234,-40],[8,-44],[61,-27],[38,-54],[-33,-158],[-41,-57],[-92,-38],[-46,-55],[-176,-107],[-87,78],[-39,72],[30,34],[9,87],[-45,38],[-49,96],[-40,35],[-245,116],[-46,76],[-120,80],[102,-1],[44,42],[28,138],[-17,43],[12,158],[133,36],[135,73],[63,-8],[53,-59]],[[1507,52728],[-34,-99],[-104,-11],[-39,24],[-87,-30],[-122,-101],[70,136],[137,72],[179,9]],[[15693,53145],[261,-129],[184,-21],[135,43],[56,-101],[-22,-88],[-46,-24],[-107,-151],[-214,-102],[-112,45],[-80,5],[-111,-52],[-114,12],[-76,-43],[-8,-54],[-62,-66],[-60,26],[-181,168],[-22,54],[105,58],[62,152],[-38,46],[48,51],[-7,55],[164,139],[60,-30],[185,7]],[[17328,53251],[113,-142],[352,-253],[147,-54],[35,-30],[17,-88],[39,-45],[-12,-94],[79,-119],[62,-51],[-15,-86],[-58,-71],[-47,-95],[-11,-107],[40,-87],[81,-69],[-36,-40],[-44,-221],[16,-85],[42,-42],[82,-22],[8,-54],[-62,-15],[-36,-67],[43,-72],[15,-90],[52,-105],[94,-121],[-78,-26],[-12,-36],[-132,-37],[-54,-122],[106,-157],[-78,-66],[-64,17],[-71,103],[97,31],[-226,74],[-96,59],[-12,-71],[-209,-64],[-95,13],[-75,-22],[-317,15],[-88,50],[-94,75],[-16,40],[-88,42],[26,81],[-27,114],[19,80],[128,50],[43,-15],[77,38],[77,106],[-11,83],[-41,86],[-22,104],[-113,102],[-31,52],[38,54],[-62,60],[-105,5],[-182,73],[-25,121],[-9,187],[34,268],[-10,237],[-30,153],[53,17],[116,83],[136,43],[45,41],[43,168],[120,-13],[106,9],[99,99],[87,-23],[27,-56]],[[990,53262],[38,-62],[-21,-71],[-143,-103],[-68,49],[-97,18],[-53,67],[-10,54],[37,113],[92,85],[107,52],[143,22],[89,-67],[-81,-28],[-56,-85],[23,-44]],[[716,55017],[167,36],[161,-24],[76,-39],[28,-140],[129,-75],[-50,-24],[-50,58],[-55,-15],[5,-74],[-69,-8],[-91,-82],[-55,-20],[-47,-75],[11,-58],[-56,-89],[19,-51],[-84,-44],[-94,70],[-101,-19],[-60,30],[-53,-17],[-50,28],[-68,-20],[-89,35],[-80,172],[-26,149],[-134,80],[6,110],[89,76],[158,-103],[70,16],[60,46],[68,-3],[83,37],[27,43],[74,-19],[81,13]],[[20407,24156],[3,-35],[-2,-4],[0,0],[-1,-1],[-2,-3],[-3,-3],[-19,-56],[-2,-4],[-12,-17],[-25,-22],[-14,-29],[-13,-46],[13,-31],[3,-2],[1,-1],[13,-4],[31,3],[138,-40],[62,-63],[81,-13],[52,-45],[85,18],[312,98],[29,45],[4,5],[34,29],[28,3],[0,-1],[1,-3],[6,-13],[22,17],[86,31],[43,66],[27,4],[18,0],[8,2],[12,10],[5,4],[50,33],[101,-47],[173,135],[53,2],[33,-2],[4,-11],[38,-29],[20,-15],[3,-2],[10,-3],[39,-4],[26,-2],[18,-18],[14,-22],[8,-17],[2,-5],[0,-2],[-2,-26],[-9,-33],[22,-29],[74,-45],[46,-48],[41,-70],[-28,-42],[13,-51],[96,-130],[48,-18],[-9,-35],[-19,-26],[-8,-15],[-12,-19],[-11,-6],[-6,-14],[0,-1],[5,-21],[4,-8],[81,-107],[34,-14],[21,71],[182,4],[65,26],[67,-40],[87,-113],[49,-25],[-5,-66],[-38,-22],[-52,10],[-2,-4],[-11,-24],[10,-55],[-37,-170],[17,-44],[-1,-61],[0,-6],[-1,-6],[4,-20],[2,-4],[3,-7],[5,-8],[8,-11],[8,-15],[-69,-68],[-56,-68],[2,-5],[10,-15],[-21,-12],[-32,-14],[-24,-7],[-25,-14],[-27,-44],[14,-62],[8,-39],[1,-4],[2,-20],[-13,-11],[-76,-24],[-71,-15],[-53,-13],[-35,-25],[-4,-3],[-17,-20],[-19,-29],[0,-8],[-3,-36],[-32,-44],[-29,-19],[-151,15],[-94,90],[-10,37],[-3,26],[-39,42],[-37,-5],[-31,-20],[-26,-23],[-46,-61],[-56,-15],[-22,6],[-5,-2],[-19,-4],[-4,-5],[-6,-6],[-19,-21],[-19,10],[-17,13],[-20,14],[-6,4],[-1,1],[-130,-83],[-60,12],[-40,41],[-52,-7],[-68,-70],[-3,-3],[-23,-41],[2,-4],[0,-3],[-1,-7],[-2,-3],[-14,-16],[-1,0],[-1,0],[-2,0],[-55,6],[-18,-23],[-83,-18],[-12,-4],[-35,-19],[-3,-3],[-1,-1],[-10,-15],[-3,-9],[-16,-52],[-7,-6],[-27,7],[-8,1],[-29,-3],[-38,-24],[-13,3],[-10,4],[-13,9],[0,1],[0,2],[-1,8],[0,1],[0,2],[-1,7],[-2,10],[0,0],[-18,35],[-60,33],[-126,-83],[-118,2],[-8,6],[-8,13],[-1,3],[0,5],[0,4],[2,10],[3,14],[4,10],[1,1],[2,4],[0,4],[0,1],[-2,9],[-6,12],[-3,5],[-22,16],[-52,-21],[-11,-28],[-25,-10],[-5,39],[-19,21],[-2,4],[0,3],[0,2],[4,12],[5,7],[27,17],[35,4],[12,-2],[18,-3],[30,-1],[42,22],[-42,60],[-20,37],[4,10],[3,10],[1,2],[0,9],[1,4],[-1,10],[-25,40],[-9,39],[-2,16],[-21,5],[-13,2],[-41,11],[-47,92],[-26,20],[-1,1],[-9,9],[-6,7],[-77,47],[-165,4],[-34,25],[-7,-2],[-19,-8],[-39,-4],[-20,25],[-10,13],[-1,2],[-26,-4],[-3,-1],[-7,-3],[-11,-23],[-3,-10],[-16,-16],[-23,-6],[-58,42],[-128,-71],[-66,-4],[-7,2],[-1,1],[-10,3],[-5,15],[0,2],[9,1],[10,14],[0,2],[0,4],[1,4],[0,2],[0,26],[-54,40],[-3,-1],[-5,0],[-2,-2],[0,0],[-4,-3],[-4,-2],[-6,-3],[-9,-4],[-27,-2],[-51,82],[0,47],[13,21],[9,51],[5,28],[0,5],[3,32],[-2,4],[-5,2],[-12,41],[4,34],[-26,5],[-18,-4],[-7,-1],[-3,1],[-3,2],[-22,27],[6,1],[7,1],[26,5],[43,66],[10,60],[-3,20],[-6,13],[3,33],[1,3],[1,1],[6,7],[21,17],[3,1],[9,1],[43,8],[13,11],[59,12],[9,15],[6,16],[0,1],[1,8],[-8,15],[-7,7],[-4,1],[-5,-1],[-14,5],[-53,57],[-89,136],[142,2],[37,18],[23,-35],[14,-5],[4,1],[7,3],[1,5],[4,18],[1,9],[-2,43],[-2,42],[2,13],[2,3],[21,14],[25,52],[8,5],[10,9],[1,2],[4,21],[6,19],[14,18],[146,-86],[78,53],[66,2],[24,41],[5,31],[-22,34],[46,78],[3,23],[5,19],[10,21],[17,26],[9,-2],[0,0],[11,11],[12,38],[0,1],[-2,12],[-2,17],[1,5],[67,92],[45,-10],[72,55],[103,32],[29,-25]],[[26435,38121],[39,-41],[10,-101],[-20,-49],[-5,-31],[-4,-25],[3,-12],[0,-8],[0,-33],[-16,-9],[2,-33],[21,-33],[51,-14],[52,0],[19,-1],[13,1],[105,23],[80,-4],[62,-59],[85,-23],[107,78],[11,95],[60,102],[57,32],[80,-20],[-2,-10],[-10,-42],[-1,-4],[-3,-7],[-12,-29],[-3,-5],[-2,-4],[-5,-8],[-4,-3],[-4,-5],[-3,-6],[-12,-26],[-4,-10],[-1,-24],[1,-4],[2,-2],[3,-7],[12,-14],[25,-24],[90,-6],[85,32],[27,-78],[-94,-92],[-36,-80],[2,-19],[66,-147],[5,-47],[30,-53],[9,-23],[7,-1],[21,-4],[48,5],[9,11],[2,3],[2,3],[0,0],[1,2],[1,1],[1,4],[1,4],[3,13],[18,80],[1,1],[8,35],[0,0],[0,0],[16,0],[10,-9],[35,-1],[22,17],[10,4],[26,-26],[22,-22],[7,-1],[44,2],[46,15],[18,-11],[7,-4],[-4,-41],[10,-41],[69,-56],[29,-67],[17,-13],[20,-6],[10,1],[4,2],[2,1],[0,0],[4,-9],[4,-10],[-4,-5],[-39,-29],[-10,-4],[-141,34],[-55,-69],[-6,-5],[-9,-5],[-16,3],[-31,-40],[-18,-1],[-1,-42],[9,-71],[1,-43],[7,-42],[-1,-7],[-5,-16],[-10,-7],[-6,-13],[-2,-4],[4,-29],[-9,-33],[-15,-29],[4,-40],[-29,-45],[-171,-117],[-4,-81],[7,-42],[4,-19],[6,-11],[2,-2],[1,-9],[-3,-5],[-26,-49],[-38,-11],[8,-14],[10,-25],[-2,-8],[-17,-31],[-12,-11],[24,-39],[10,-7],[6,-13],[1,-5],[1,-6],[0,-2],[-15,-46],[-29,-8],[-19,-10],[-7,-8],[-4,-26],[0,-4],[14,-18],[19,-42],[28,-64],[7,-20],[4,-12],[-3,-17],[-16,-24],[-40,-43],[-18,-17],[-11,-6],[-1,-1],[-1,-1],[-5,-6],[-26,-130],[3,-23],[25,-10],[7,-4],[1,-2],[1,-5],[2,-31],[-15,-23],[-9,-13],[45,-80],[2,-73],[-25,-9],[-5,-16],[5,-25],[-14,-11],[-7,2],[-4,2],[0,0],[-7,-4],[-12,-7],[-9,-10],[-8,-8],[-54,-8],[4,-15],[-2,-16],[-2,-2],[-9,-8],[-62,-28],[-23,-6],[-4,-4],[-2,-4],[0,-8],[2,-34],[3,-18],[3,-3],[7,-4],[5,-4],[2,-9],[-4,-5],[-2,-3],[-82,-18],[-10,-36],[-15,-10],[-23,-10],[-10,-11],[-1,-5],[13,-23],[6,-6],[3,-5],[-1,-9],[-4,-19],[-116,-72],[-66,43],[-13,1],[-6,-3],[-7,1],[-2,0],[-2,1],[-12,30],[-13,33],[-14,12],[-28,8],[-27,3],[-76,31],[-3,2],[-13,12],[-17,14],[-9,3],[-13,4],[-17,10],[9,20],[10,15],[6,10],[0,8],[-22,35],[-13,10],[-23,16],[-13,24],[-10,22],[-11,36],[-16,27],[-113,18],[34,100],[-29,33],[-14,54],[2,21],[3,8],[16,20],[16,83],[-64,61],[-56,43],[-24,6],[-17,2],[-8,0],[-7,-22],[-5,-4],[-43,-13],[-33,-1],[-2,-8],[-11,-27],[-8,-12],[-3,-5],[-4,-21],[6,-47],[0,-2],[-1,-18],[-11,-18],[4,-10],[39,-26],[2,-37],[7,-52],[-18,-57],[-12,-50],[14,-22],[-22,-53],[-9,-10],[0,-4],[2,-10],[36,-75],[-45,-56],[-43,-13],[-18,-11],[-33,-43],[-25,-44],[7,-74],[-34,-10],[-18,-37],[-4,-11],[-12,-41],[-47,-62],[-11,-3],[-3,0],[0,0],[-12,5],[-6,3],[-4,3],[2,5],[0,2],[1,37],[-3,57],[-18,13],[11,18],[11,19],[14,27],[0,10],[-52,39],[0,0],[-33,-9],[-6,-2],[-23,111],[0,5],[-6,9],[-13,14],[-14,6],[-12,27],[-4,13],[-7,15],[-4,5],[-9,10],[-18,8],[-10,5],[-29,20],[-8,5],[-10,8],[-50,-55],[-36,2],[-33,18],[-11,33],[4,24],[-7,19],[-91,103],[-23,62],[10,14],[-4,12],[0,21],[-15,44],[27,63],[2,3],[2,3],[7,7],[13,10],[18,9],[25,13],[8,5],[11,9],[6,4],[0,8],[-2,5],[0,0],[-2,3],[-4,5],[-9,6],[-40,-12],[-5,-1],[0,0],[-13,0],[-18,2],[-8,3],[-12,6],[-1,1],[-2,1],[-49,33],[-33,19],[-16,10],[-38,34],[-62,19],[-44,50],[0,0],[0,0],[0,7],[-5,14],[-66,98],[43,53],[27,14],[33,-14],[22,0],[-6,17],[12,49],[2,4],[-22,19],[0,7],[0,30],[2,28],[0,0],[-6,8],[2,55],[2,32],[22,70],[-2,8],[-7,31],[1,0],[10,-1],[20,1],[18,9],[11,5],[0,1],[-1,5],[2,7],[16,30],[-14,33],[-8,7],[2,25],[63,56],[31,10],[27,7],[3,2],[3,2],[-6,5],[-4,7],[-6,14],[4,21],[-52,58],[-13,38],[-2,14],[-3,25],[2,3],[15,17],[51,30],[-2,38],[18,30],[16,40],[-3,23],[-4,21],[-12,9],[-2,5],[0,5],[1,19],[-4,9],[-5,44],[11,53],[-3,24],[-2,16],[0,5],[-1,15],[2,22],[18,50],[4,20],[7,47],[5,34],[-2,30],[12,4],[17,3],[16,1],[40,9],[40,41],[-1,12],[-6,6],[-3,10],[21,11],[67,17],[70,0],[56,-47],[90,17],[61,50],[46,21],[21,19],[6,6],[5,5],[-6,54],[27,51],[11,35],[5,12],[16,16],[30,25],[27,-4],[4,0],[2,2],[2,0],[23,28],[27,63],[-20,85],[69,134],[-47,84],[2,30],[10,37],[30,13],[46,-16],[116,128],[33,8],[29,-18],[87,-79],[27,-29]],[[43132,29360],[110,-13],[51,11],[6,5],[13,13],[24,48],[2,23],[5,2],[36,-21],[1,-1],[6,-5],[3,-8],[101,-51],[76,57],[82,-63],[49,-21],[27,-19],[24,-28],[20,-10],[17,7],[33,-10],[12,-12],[6,-14],[0,-1],[1,-5],[-3,-4],[2,-12],[3,-3],[7,-1],[17,1],[15,2],[13,0],[18,-2],[7,-9],[41,-13],[99,-14],[54,-109],[-4,-59],[-3,-7],[-14,-12],[-9,-6],[-7,-7],[23,-45],[-3,-24],[-10,-53],[-1,-3],[-3,-7],[-1,-2],[-1,-2],[-2,-3],[-1,0],[-9,-8],[-12,-13],[-17,-29],[2,-26],[5,-41],[21,-18],[4,-17],[17,-28],[5,-3],[48,-12],[40,-28],[49,22],[1,0],[11,-2],[15,-13],[32,-13],[17,13],[58,-35],[11,-9],[0,-3],[1,-9],[4,-6],[5,-9],[7,-6],[108,58],[7,74],[4,7],[56,34],[7,3],[14,-3],[36,-10],[1,0],[8,-3],[0,0],[7,-4],[9,-9],[30,2],[53,8],[8,18],[0,26],[52,80],[28,-7],[2,0],[6,1],[20,5],[128,110],[91,-8],[18,-34],[16,-4],[36,-27],[8,-7],[2,-2],[11,-22],[0,-1],[-1,-10],[18,5],[59,15],[10,2],[112,-35],[50,-3],[10,-3],[7,-3],[0,-1],[0,0],[5,-7],[8,-21],[10,-18],[75,8],[165,-94],[42,13],[61,-16],[87,-46],[-65,-75],[-6,-136],[32,-96],[125,-114],[-3,-53],[59,-54],[-5,-123],[17,-81],[-104,-69],[-9,-95],[40,-114],[14,-100],[-26,-18],[-41,-177],[20,-90],[-140,6],[14,-72],[54,1],[-3,-122],[-118,-4],[-11,-66],[96,19],[2,-68],[-70,-18],[-36,-49],[75,-19],[7,-70],[-71,-76],[-40,51],[-121,-58],[6,-48],[-64,-50],[-47,67],[0,114],[40,67],[-50,75],[-71,16],[13,120],[-90,176],[-104,120],[9,-108],[-24,-123],[102,-13],[15,-165],[-77,-23],[92,-140],[-49,-76],[3,-54],[-200,-177],[70,-32],[-16,-38],[-135,57],[-38,103],[-102,87],[-26,-29],[98,-104],[24,-182],[94,-3],[-9,-58],[59,-16],[61,-69],[-71,-118],[-13,-208],[-82,-46],[14,-97],[-85,-49],[11,-50],[-24,-116],[97,-36],[0,-61],[63,-69],[-28,-53],[-85,-9],[-36,-30],[-54,50],[-66,-25],[-13,-74],[-97,-20],[-13,-83],[-41,-1],[-33,-92],[-12,-12],[-34,15],[-17,-1],[-10,-5],[-3,-1],[0,-1],[0,-2],[-4,1],[-3,2],[-13,24],[-4,20],[-23,22],[-76,9],[-20,28],[-40,-1],[-36,12],[-6,4],[-14,9],[11,17],[12,11],[13,18],[4,7],[10,53],[-42,62],[4,32],[3,20],[3,3],[4,9],[4,24],[-1,15],[-13,3],[-14,6],[-25,68],[-128,153],[-46,-16],[-53,30],[-57,-47],[-63,18],[-46,-46],[-49,10],[-111,-24],[-66,20],[-61,41],[-37,39],[6,21],[2,17],[7,16],[58,78],[5,0],[3,1],[5,1],[3,1],[31,27],[48,55],[2,8],[-2,18],[-7,26],[-13,6],[-19,10],[-18,50],[-14,19],[-11,8],[-15,3],[-16,0],[-46,17],[-49,197],[-61,-44],[-213,-37],[-91,53],[-32,27],[-11,10],[-5,5],[-6,7],[-3,6],[-4,6],[-84,43],[-26,23],[-8,10],[-15,40],[-22,16],[-15,13],[-27,19],[-4,21],[-43,40],[-43,20],[-12,23],[6,12],[5,11],[-4,29],[-53,74],[-57,33],[-27,113],[-5,20],[-1,6],[1,23],[4,15],[-14,15],[-9,7],[-3,2],[-13,4],[-29,-13],[-26,19],[-23,-6],[-9,3],[-22,3],[-6,2],[-274,128],[-85,55],[-7,29],[-7,23],[-1,9],[10,51],[11,15],[10,2],[21,14],[2,24],[0,11],[1,6],[-10,17],[-221,-74],[-23,6],[-26,10],[-30,-15],[-36,-19],[-70,-11],[-38,10],[7,46],[-2,3],[-18,9],[-2,0],[-30,0],[-84,-15],[-8,4],[1,26],[8,10],[6,8],[1,2],[-3,24],[0,10],[28,38],[1,16],[-6,20],[-57,64],[-13,18],[-15,29],[-37,-23],[-11,-10],[-20,-16],[-12,-10],[-5,8],[-7,18],[-42,52],[-22,32],[-5,12],[-10,31],[-1,5],[6,-1],[36,19],[12,10],[9,8],[16,-1],[51,14],[103,37],[115,139],[41,29],[21,-2],[27,8],[15,6],[3,5],[-4,9],[1,20],[37,51],[17,98],[-18,34],[9,72],[-6,47],[-60,32],[-83,-1],[-14,26],[-7,7],[-28,13],[10,17],[21,20],[40,29],[74,41],[5,12],[7,18],[7,19],[8,12],[54,15],[3,-3],[15,-14],[66,-32],[9,1],[5,4],[3,8],[1,4],[6,15],[26,27],[25,42],[5,12],[6,18],[15,62],[8,16],[15,-4],[20,-8],[13,-4],[27,-7],[27,-3],[110,-32],[59,-57],[51,33],[1,7],[3,12],[0,2],[-15,45],[-112,110],[11,116],[-18,26],[9,21],[46,47],[-22,15],[-6,15],[-2,16],[1,11],[19,22],[7,11],[12,17],[2,3],[0,1],[-1,2],[-1,3],[0,2],[4,8],[27,51],[31,33],[25,20],[176,95],[133,28],[17,-21],[20,4],[31,9],[11,5],[1,0],[1,0],[19,60],[7,6],[4,1],[38,-16],[26,-7],[16,17],[3,9],[4,12],[13,18],[15,13],[0,0],[0,1],[-19,27],[8,13],[25,23],[3,3],[56,6],[14,-13],[11,-2],[29,-15],[18,-12],[14,-13],[30,-45]],[[24283,40859],[15,-24],[104,11],[176,-40],[16,-60],[107,-54],[71,-4],[48,-85],[73,-9],[89,-131],[52,13],[60,-49],[73,-5],[78,34],[30,-38],[45,-17],[27,1],[14,2],[12,-3],[5,-2],[13,-8],[6,-15],[25,-12],[43,-15],[9,0],[10,1],[8,1],[22,-3],[22,-8],[33,-34],[-1,-42],[-7,-20],[-5,-12],[-3,-47],[-2,-12],[-6,-30],[-51,-61],[-105,-38],[-24,-82],[-16,-19],[-27,-55],[6,-22],[5,-10],[-26,-16],[-1,-1],[-4,-1],[-23,13],[-5,-6],[-8,-17],[1,-4],[15,-32],[16,-32],[4,-3],[5,5],[8,5],[14,2],[25,-6],[10,7],[9,13],[1,1],[1,2],[46,-3],[-12,-65],[6,-40],[3,-11],[3,-6],[1,-3],[1,0],[1,-1],[2,0],[13,-4],[23,-1],[0,-10],[-1,-10],[0,-6],[-3,-6],[-1,-5],[-1,-5],[0,-4],[2,-6],[5,-8],[23,-4],[11,-48],[1,-6],[5,-10],[5,-2],[4,0],[2,0],[0,0],[1,-6],[1,-9],[-4,-25],[-8,-17],[23,-24],[17,-15],[13,-26],[-13,-61],[-3,-15],[-1,-11],[0,-4],[1,-5],[1,-5],[2,-6],[-1,-10],[0,-4],[-3,-4],[-2,-4],[-8,-9],[-13,-12],[-7,-5],[-15,-7],[-2,-5],[-2,-5],[0,-3],[4,-7],[40,-30],[165,5],[49,-82],[94,-74],[-13,-21],[18,-60],[7,-5],[4,-1],[42,21],[43,3],[36,-25],[20,0],[30,-6],[40,7],[99,48],[48,11],[15,4],[-10,-78],[19,-127],[30,-10],[8,-6],[7,-6],[6,-27],[1,-11],[0,-8],[-1,0],[-1,-4],[-2,-3],[0,-3],[0,-8],[2,-5],[1,-2],[5,-4],[44,-9],[31,-5],[90,14],[31,-44],[2,-8],[0,-3],[1,-24],[2,-32],[27,-48],[2,-21],[0,-1],[1,-15],[-1,-3],[-9,-6],[-14,8],[-45,-2],[-34,-26],[-1,-1],[0,-1],[-1,-1],[0,-6],[25,-17],[26,-16],[7,-3],[3,-6],[8,-56],[15,-7],[22,-15],[2,-2],[0,-27],[-12,-47],[9,-43],[15,-13],[3,-3],[1,-3],[-2,-16],[0,-1],[-7,-11],[-4,-1],[-38,-11],[-53,-10],[-26,-12],[-9,-7],[0,0],[-87,79],[-29,18],[-33,-8],[-27,-45],[-89,-83],[-46,16],[-30,-13],[-10,-37],[-2,-30],[47,-84],[-69,-134],[20,-85],[-27,-63],[-23,-28],[-2,0],[-2,-2],[-4,0],[-27,4],[-30,-25],[-16,-16],[-5,-12],[-11,-35],[-27,-51],[3,-40],[2,-9],[1,-5],[-5,-5],[-6,-6],[-21,-19],[-46,-21],[-61,-50],[-90,-17],[-56,47],[-70,0],[-15,-18],[-52,1],[-21,-11],[3,-10],[6,-6],[1,-12],[-40,-41],[-40,-9],[-16,-1],[-17,-3],[-12,-4],[0,4],[-21,5],[-40,-17],[-97,37],[-29,-7],[-15,-6],[-10,-6],[-11,-21],[9,-38],[-2,-10],[-2,-4],[-10,-9],[-8,-3],[-61,-14],[-2,1],[-6,6],[-2,4],[-2,5],[-1,1],[-27,44],[-21,28],[-20,45],[-57,1],[-101,41],[-5,49],[-70,80],[-163,58],[-10,7],[-5,5],[19,14],[4,11],[4,48],[-4,32],[-17,17],[-10,12],[-1,6],[23,15],[23,29],[14,36],[-6,36],[-8,28],[-21,21],[-12,-6],[-3,-5],[-8,-2],[-37,35],[-8,16],[-18,51],[-14,54],[35,56],[6,0],[0,2],[0,2],[0,44],[-1,11],[-61,34],[-106,0],[-22,29],[-13,23],[0,0],[-2,3],[3,20],[21,15],[17,21],[-15,34],[-56,41],[1,29],[1,2],[35,43],[54,38],[23,21],[3,8],[-43,65],[-20,19],[-8,47],[-18,5],[-4,26],[1,5],[12,19],[4,4],[-1,11],[-1,8],[-3,10],[4,16],[42,36],[24,3],[15,-17],[10,-4],[11,-1],[8,5],[11,19],[46,2],[0,1],[-1,9],[-3,5],[-39,42],[-5,22],[25,45],[10,29],[31,60],[53,3],[36,27],[3,28],[3,31],[6,9],[14,13],[5,2],[4,6],[5,11],[4,19],[-3,4],[1,2],[-4,10],[-10,11],[-4,5],[-19,10],[-31,10],[-71,-19],[-35,68],[13,57],[7,23],[-13,8],[-1,0],[-3,0],[-3,-1],[-12,-5],[-2,-2],[-7,-5],[-51,23],[-87,16],[-61,64],[-100,47],[-5,61],[10,35],[-51,36],[35,63],[6,3],[15,-3],[25,0],[9,2],[0,0],[3,3],[1,1],[-1,3],[-1,18],[-3,1],[-5,-4],[-23,14],[-9,31],[0,8],[2,11],[2,2],[1,0],[4,9],[4,12],[6,19],[-1,4],[0,1],[-14,45],[-30,44],[-2,17],[8,51],[6,36],[56,37],[-14,59],[-27,22],[-13,11],[12,54],[23,45],[38,34],[8,3],[7,25],[-2,12],[-3,18],[-13,43],[-14,33],[-4,56],[-35,-18],[-1,-1],[0,-1],[-3,-3],[-38,-6],[-29,1],[-35,-11],[-16,-4],[-72,182],[-8,10],[-7,8],[-2,2],[-10,-5],[-12,-2],[-39,20],[-2,10],[17,16],[9,-1],[3,0],[8,1],[43,34],[41,31],[44,17],[29,27],[6,8],[10,61],[46,22],[4,-3],[4,-2],[2,-1],[6,-2],[10,3],[17,44],[3,17],[48,11],[70,-34]],[[20211,44339],[62,125],[71,73],[-689,642],[6,78],[-31,120],[-55,98],[95,134],[85,25],[-32,56],[-86,36],[-118,-50],[-45,8],[-106,-34],[67,97],[-28,62],[20,98],[71,133],[-27,40],[-139,-69],[98,358],[-9,135],[-105,153],[-19,175],[73,101],[-11,55],[-75,75],[120,50],[39,-53],[69,-21],[57,61],[87,-8],[-19,-50],[-97,-38],[47,-149],[54,-33],[43,49],[103,-4],[169,-67],[91,12],[82,-78],[107,64],[104,-8],[13,-61],[141,-4],[55,-32],[106,-19],[-11,126],[48,46],[-26,89],[53,41],[126,-48],[-52,117],[7,191],[84,-8],[30,57],[-102,17],[-46,-44],[-165,-35],[-153,0],[-216,74],[-53,-3],[-61,44],[-146,63],[-107,26],[-129,93],[-113,10],[-44,26],[-44,79],[-539,-179],[-113,-72],[-185,-128],[-49,-30],[55,-25],[-15,-24],[152,-123],[128,-58],[118,-95],[18,46],[105,47],[55,-38],[-2,-60],[-55,-82],[7,-62],[47,-111],[90,-124],[24,-58],[3,-175],[-28,-130],[-52,-76],[-44,81],[5,84],[41,56],[-89,64],[-105,29],[-60,123],[-98,27],[-89,-48],[105,-103],[19,-81],[-80,4],[-43,60],[-106,-41],[-23,75],[-96,-17],[-68,-140],[1,-85],[-85,-11],[-66,64],[-76,24],[-15,101],[88,-6],[35,40],[-48,63],[-98,12],[26,100],[92,0],[37,26],[97,7],[-68,67],[19,148],[-59,136],[-81,145],[77,-39],[79,19],[118,134],[7,33],[16,14],[294,212],[718,238],[48,57],[-53,28],[25,81],[140,29],[-23,40],[368,459],[104,61],[37,191]],[[20378,49978],[4,25]],[[20434,50188],[1,-6],[10,-7],[1,-13],[38,-41],[61,-19],[57,-7],[15,-1],[14,0],[34,-23],[23,-26],[8,-19],[54,-25],[-1,13],[-4,5],[3,15],[9,11],[13,11],[2,1],[51,12],[48,-34],[7,-1],[5,0],[26,-1],[29,2],[15,0],[6,0],[3,-1],[2,0],[-3,-16],[6,-31],[-5,-17],[60,-68],[2,-26],[-3,-10],[-19,-17],[-5,-51],[-9,-20],[-3,-41],[-1,-44],[-19,-33],[-6,-62],[-18,-34],[-63,-32],[13,-32],[2,-4],[52,-27],[7,-3],[21,-24],[2,-6],[0,-4],[-6,-6],[-13,-9],[-12,-51],[-6,-21],[-10,-19],[-9,0],[-1,0],[-8,-7],[-10,-14],[-1,-1],[-3,-4],[-2,-9],[-1,-4],[29,-17],[6,23],[12,12],[79,-4],[166,-24],[15,91],[54,-1],[83,93],[77,49],[8,-54],[60,-19],[-4,-7],[-13,-18],[-3,-4],[-16,11],[-2,-1],[-2,-1],[-7,-10],[0,-3],[10,-17],[-1,-12],[6,0],[8,-19],[1,-4],[16,-37],[2,-3],[17,-34],[34,-52],[23,-29],[6,-12],[16,-106],[73,-40],[17,-81],[32,-79],[26,-25],[10,-27],[35,-5],[8,0],[10,1],[8,2],[28,53],[60,16],[91,106],[79,-86],[34,-68],[178,39],[38,13],[0,0],[8,5],[8,15],[-3,16],[-4,20],[0,0],[4,12],[32,23],[9,5],[9,4],[9,4],[11,26],[27,30],[30,9],[44,8],[137,67],[56,60],[17,-35],[45,-77],[14,-17],[36,-10],[66,15],[36,15],[10,7],[17,28],[14,42],[3,12],[12,3],[19,-7],[13,-10],[1,-1],[0,-1],[-1,-7],[4,-36],[17,-42],[3,-11],[0,-3],[-8,-11],[-4,-23],[6,-8],[5,-9],[7,-15],[1,-2],[0,-3],[4,-35],[0,-8],[-1,-2],[-1,-5],[-1,-4],[-4,-10],[-8,-14],[-2,-3],[-3,-3],[-1,0],[-8,-7],[0,-4],[1,-7],[3,-11],[13,-8],[39,-6],[60,-80],[21,-5],[7,-5],[29,-11],[60,9],[13,4],[43,-9],[38,16],[39,81],[-14,50],[35,0],[29,-10],[11,-3],[75,50],[2,36],[0,0],[1,4],[4,9],[44,70],[3,2],[13,3],[39,3],[48,63],[71,-6],[20,-24],[15,-10],[0,0],[3,-1],[4,0],[4,1],[2,0],[5,40],[42,33],[13,10],[5,4],[7,3],[7,14],[0,20],[14,-11],[58,-3],[-2,46],[2,25],[102,-8],[8,38],[14,0],[12,-1],[14,78],[83,57],[2,12],[0,0],[16,34],[2,1],[1,2],[1,1],[0,1],[3,9],[0,3],[-1,7],[0,5],[11,40],[3,5],[0,4],[0,2],[-2,2],[-6,8],[-16,14],[-11,9],[-12,-15],[-53,25],[-17,0],[-4,-4],[-9,-5],[-21,1],[-41,24],[3,14],[-11,18],[-3,3],[0,1],[2,14],[18,54],[12,11],[12,0],[1,1],[1,0],[6,4],[0,3],[0,1],[-1,2],[-3,3],[-2,29],[28,31],[16,33],[35,46],[4,52],[30,44],[27,39],[34,45],[19,-4],[103,11],[31,11],[23,-2],[17,-14],[-7,14],[1,43],[-11,26],[-3,3],[-1,2],[0,4],[3,53],[3,34],[-7,23],[-2,4],[-8,14],[-7,23],[-15,62],[-20,32],[-3,38],[12,9],[-15,14],[-46,-15],[-15,0],[0,0],[-18,0],[-40,-25],[-54,-43],[-18,-11],[-35,-25],[-22,-15],[-32,0],[-75,-1],[-32,-5],[-5,-2],[-27,-10],[-22,-8],[-5,-3],[-49,-27],[-53,-46],[-20,-31],[-21,23],[-77,-27],[-36,53],[30,117],[-29,53],[74,83],[11,46],[21,50],[9,16],[3,1],[17,2],[1,0],[2,1],[9,4],[2,17],[-4,8],[-7,13],[-12,19],[-4,13],[15,18],[23,32],[0,10],[-13,38],[2,8],[4,19],[1,12],[-3,19],[-3,12],[-1,8],[0,4],[2,3],[1,2],[2,3],[-10,25],[-11,7],[-35,13],[-55,-4],[-6,14],[-8,1],[3,18],[15,46],[28,22],[18,17],[8,8],[5,13],[3,44],[-6,48],[-4,15],[-1,3],[-19,6],[-14,21],[-1,3],[-11,4],[-26,2],[-47,-17],[-41,6],[-32,167],[28,45],[12,7],[-7,12],[-1,14],[4,16],[14,24],[-24,67],[-16,27],[-3,8],[0,5],[43,73],[0,8],[-3,17],[-1,14],[-9,4],[-19,6],[-6,0],[-18,-4],[-51,9],[-38,65],[-114,-27],[-55,14],[-3,-2],[-3,-1],[-1,-5],[-2,-8],[0,-5],[0,-1],[-2,-2],[-24,-28],[-47,-19],[-23,-14],[-1,-1],[-1,-1],[-2,-2],[-30,79],[-34,-19],[-3,6],[-16,26],[-19,1],[-41,-30],[-9,-3],[-32,-6],[-30,84],[-131,25],[-55,-54],[0,-38],[-13,-37],[3,-64],[-38,7],[-72,-27],[-39,-44],[3,-13],[7,-31],[-11,-106],[-125,-108],[52,-114],[7,-61],[-16,-48],[-162,-64],[-35,29],[-39,101],[-20,121],[-88,48],[-1,2],[2,13],[0,2],[0,1],[-5,6],[-45,-15],[-6,-2],[-23,-17],[-37,-57],[-5,-1],[-13,-4],[-22,-5],[-70,-47],[-113,-21],[-49,-253],[-35,-35],[-29,-87],[3,-21],[0,-4],[1,-6],[6,-26],[3,-5],[4,-22],[-13,-5],[-6,-2],[-1,-13],[3,-9],[6,-12],[3,-9],[-1,-35],[-8,-23],[-6,-50],[-2,0],[-13,-3],[-16,-9],[-47,-3],[-37,2],[-71,4],[-24,-32],[-8,-18],[3,-27],[6,-28],[-13,-18],[-10,1],[-13,0],[-31,-3],[-68,-13],[-39,-18],[-34,-12],[-8,-2],[-12,-3],[-318,211],[-24,33],[-142,110],[-21,-23],[-4,-5],[-19,-29],[-5,-54],[27,-36],[8,-30],[-2,-14],[-3,-4],[-68,-37],[3,-17],[0,-16]],[[20048,50614],[-12,16]],[[19006,50768],[-59,-10],[-38,-49],[-131,-82],[2,69],[-97,14],[-35,53],[-58,-65],[-57,53],[-44,-3],[-63,64],[8,64],[-42,139],[-64,121],[-47,19],[-34,120],[-38,56],[97,44],[22,44],[-42,72],[-122,56],[61,130],[2,94],[-31,137],[-82,94],[28,162],[51,142],[7,100],[-117,144],[59,65],[-71,29],[54,216],[303,-142],[196,-168],[175,-18],[136,61],[105,106],[122,57],[290,-3],[25,143],[58,408],[-24,61],[-83,48],[100,83],[84,-2],[3,64],[116,190],[-82,63],[-41,-44],[-62,0],[28,80],[58,23],[-90,108],[49,102],[-5,112],[57,59],[-98,15],[-61,55],[10,154],[47,76],[-28,27],[27,73],[89,112],[57,-10],[47,101],[70,38],[27,55],[117,-56],[43,-50],[104,43],[54,-29],[38,75],[91,75],[121,59],[89,-26],[39,24],[73,-26],[31,38],[-1,93],[31,59],[201,6],[114,105],[-8,73],[89,87],[85,114],[77,5],[56,80],[-20,30],[-1,114],[55,9],[-2,88],[72,70],[30,139],[-82,66],[-14,41],[42,54],[-53,30],[45,128],[140,54],[64,45],[48,133],[125,60],[24,43],[118,-13],[77,-88],[177,65],[130,-1],[31,57],[53,-7],[15,95],[-176,138],[154,134],[-5,61],[37,58],[-40,77],[16,116],[80,5],[82,127],[-45,135],[29,56],[92,23],[77,-67],[91,29],[43,122],[215,146],[50,105],[122,-3],[36,38],[73,17],[102,106],[-18,52],[191,43]],[[23554,58426],[76,-7],[-14,-84],[75,-19],[-15,-152],[33,-123],[-15,-63],[34,-57],[90,-46],[77,0],[104,52],[65,56],[136,-43],[-29,-148],[7,-81],[97,-54],[37,-91],[-52,-84],[104,-135],[82,23],[-2,-81],[-30,-81],[32,-142],[129,-89],[52,-72],[130,-110],[41,124],[80,-12],[44,105],[158,72],[25,72],[55,28],[1,71],[52,44],[124,11],[48,-69],[75,-49],[-68,-34],[-4,-56],[-43,-81],[23,-54],[-43,-101],[-52,-47],[-2,-172],[42,12],[54,-122],[104,15],[133,-1],[11,-90],[41,-109],[37,-41],[76,-4],[84,-49],[16,122],[84,45],[169,24],[56,41],[64,90],[50,-38],[159,-15],[46,-123],[85,-9],[101,78],[74,28],[72,-30],[44,-129],[-3,-107],[21,-83],[-24,-67],[21,-40],[-20,-158],[13,-62],[61,-42],[-13,-114],[51,-128],[11,-111],[51,-59],[89,-62],[87,0],[151,-29],[62,-65],[80,25],[177,25],[89,-28],[64,-245],[-28,-47],[30,-87],[137,-42],[90,14],[62,-29],[75,1],[158,-74],[12,-119],[79,-44],[43,-140],[-43,-48],[48,-200],[-92,-189],[16,-70],[-56,-105],[-171,22],[-69,-24],[-88,-80],[-17,-88],[-159,-83],[-4,-61],[-87,0],[-104,-77],[-37,-77],[1,-114],[88,-58],[23,-82],[-136,-162],[-7,-82],[177,-205],[38,-82],[-27,-102],[-76,-68],[-164,-95],[-92,-101],[8,-137],[52,-19],[107,101],[46,-1],[100,-78],[156,110],[50,-103],[-36,-70],[-37,-211],[-31,-79],[-1,-126],[-16,-97],[35,-81],[-62,-41],[-23,-70],[-77,-11],[21,-105],[88,-47],[10,-47],[106,-53],[50,53],[64,-13],[87,16],[40,100],[147,63],[18,42],[126,-51],[61,-55],[54,4],[112,-112],[72,1],[23,-92],[37,-26],[79,23],[55,-80],[151,-103],[78,-78],[87,-59],[-32,-48],[107,-61],[137,47],[149,-35],[55,4],[89,47],[119,-106],[169,-52],[92,81],[96,-69],[51,-65],[43,-105],[114,-39],[58,10],[149,-104],[-57,-153],[-124,-20],[-179,11],[-34,-79],[-96,-29],[-18,-69],[-126,-107],[-60,-72],[-89,-44],[-53,5],[2,-117],[139,-13],[52,-35],[16,-74],[73,-83],[108,-54],[-45,-79],[30,-128],[-10,-104],[48,-94],[6,-62],[-86,-44],[-70,-253],[-51,-115],[18,-41],[-71,-63],[-8,-49],[30,-93],[-152,-9],[-33,-30],[13,-166],[-28,-71],[46,-136],[-35,-36],[29,-114],[60,-138],[-7,-69],[-52,-7],[-72,-51],[-43,-66],[41,-48],[58,-168],[-34,-170],[-71,-121],[-24,-82],[3,-145],[16,-100],[-39,-53]],[[29715,46329],[-76,-39],[-98,-313],[-90,10],[-78,-142],[-37,-38],[-5,-112],[-86,-73],[2,-122],[-65,-56],[-174,7],[-98,43],[-43,62],[-81,65],[-153,32],[-31,-25],[98,-123],[-44,-235],[28,-62],[-9,-125],[-31,-81],[-118,-71],[-114,-43],[-74,-7],[51,-110],[-69,-34],[-80,-3],[-107,28],[-114,-148],[33,-158],[-119,-80],[-46,45],[-215,116],[-122,29],[-38,-19],[-34,-78],[-116,-15],[-97,75],[-171,-50],[-103,-76],[20,-91],[-27,-63],[28,-56],[-109,-97],[-11,-52],[-60,2],[-44,-77],[-70,-35],[-72,20],[-59,-46],[-77,-18],[-120,0],[-27,-76],[-60,-84],[85,-80],[72,-108],[-34,-31],[-102,-5],[-23,-55],[-49,-10],[-37,-100],[-133,-5],[-73,36],[-87,-37],[-40,-71],[-131,-81],[-101,-14],[-68,-60],[-129,-2],[75,-146],[-56,-140],[-91,-116]],[[25381,42705],[-82,77],[-3,65],[-76,79],[-116,30],[-52,74],[-86,-55],[-73,70],[-73,7],[-74,66],[-88,0],[-3,95],[-87,149],[-113,12],[-92,44],[-22,66],[-120,-10],[-97,33],[37,59],[-147,15],[-139,-52],[-139,56],[-113,-76],[-56,-61],[-1,-41],[61,-34],[-56,-54],[-11,-63],[-91,61],[-106,-88],[-68,25],[-192,-102],[-99,-11],[-39,-40],[-69,0],[-97,76],[-151,-19],[-42,18],[-92,-32],[-112,-75],[-323,-97],[-217,-126],[-67,-52]],[[21795,42794],[-31,136],[-27,20],[-5,117],[-36,47],[-116,73],[-186,-34],[-46,176],[-38,21],[-85,-48],[-235,407],[-41,36],[27,65],[-139,55],[-133,15],[-54,-26],[-96,139],[79,63],[99,13],[-23,130],[-53,45],[-370,1],[-17,62],[-58,32]],[[20345,44543],[125,46],[-65,34],[1,138],[24,156],[48,143],[-119,111],[20,74],[105,127],[105,65],[44,-60],[74,-10],[12,65],[48,44],[99,9],[-69,150],[-42,17],[-85,-45],[-53,53],[94,38],[23,50],[-49,157],[-144,-125],[-149,7],[-112,26],[-79,-171],[-94,-77],[-45,-85],[-41,-14],[-78,-79],[-78,14],[-46,-52],[33,-45],[-128,-21],[-50,-110],[671,-630]],[[21285,46967],[-29,28],[-93,-85],[22,-57],[100,114]],[[39016,55507],[105,-34],[-68,-110],[12,-45],[189,-227],[93,-87],[27,-148],[62,-61],[-3,-34],[153,-164],[30,-89],[76,-92],[269,-229],[87,-88],[1,-58],[-46,-19],[7,-96],[148,-173],[100,-132],[197,-185]],[[40455,53436],[-16,-74],[61,-87],[272,-263],[84,-97],[258,-242],[45,-71],[171,-164],[184,-146],[2,-44],[65,-119],[131,-132],[77,-114],[176,-167],[90,-59],[90,-96],[13,-66],[-25,-56],[27,-67],[-14,-43],[-69,-49],[-38,-85],[3,-52],[92,-195],[50,-11],[36,-66],[172,-162],[319,-241],[12,-90],[34,-66],[14,-105],[-87,-74],[31,-104],[-4,-52],[91,-125],[-15,-65],[119,-168],[-42,-30],[47,-56],[-111,-65],[22,-35],[144,84],[149,-152],[20,-67],[251,-207],[36,-69],[-5,-63],[39,-58],[-39,-40],[7,-55],[70,-186],[119,-128],[114,-95],[166,-99],[133,-101],[-27,-172],[82,-118],[13,-63],[58,-45],[-3,-141],[39,-111],[174,-133],[88,9],[33,-81],[-15,-113],[191,-121],[82,-23],[-12,-192],[198,-177],[13,-101],[62,-36],[-125,-69],[-23,-90],[61,-108],[-41,-133],[21,-69],[-1,-96],[22,-105],[82,-120],[-29,-50],[53,-54],[44,-122]],[[45066,45563],[-64,-14],[-114,14],[-133,-63],[-54,21],[-56,-99],[-143,-60],[-82,-90],[-6,-68],[-174,41],[-48,-18],[-22,-114],[-31,-47],[-62,-13],[-95,-55],[-82,-126],[-143,-128],[73,-112],[-43,-75],[43,-96],[-4,-51],[-182,-14],[-79,22],[-98,-49],[-89,12],[-3,55],[-76,115],[-63,41],[-82,96],[-125,75],[-61,56],[-142,46],[-41,78],[-143,25],[-31,48],[-84,29],[-41,-35],[-136,-48],[-62,-54],[3,-48],[-49,-59],[17,-49],[-75,-104],[-57,56],[-110,10],[-49,58],[-41,-15],[-76,39],[-145,5],[-236,67],[-84,-42],[-152,-38],[-57,41],[1,42],[-74,100],[-129,-33],[-82,14],[-79,-95],[18,-57],[-64,-96],[2,-46],[-105,-84],[-20,-35],[4,-104],[-181,77],[-27,-96],[-93,36],[-180,41],[-104,163],[-41,16],[4,87],[-25,39],[-95,-17],[-67,19],[-42,-30],[-75,33],[-6,91],[-129,11],[-52,50],[-64,-55],[40,-88],[-61,-39],[-62,-144],[-85,35],[-27,-147],[80,-105],[7,-94],[-137,-70],[-124,116],[-151,40],[-91,-49],[-83,16],[-107,139],[-69,7],[-58,58],[-174,27],[-50,48]],[[38320,44650],[-89,60],[-137,50],[0,70],[-53,69],[-157,-121],[-87,64],[-58,-45],[-86,37],[-70,-4],[-34,53],[-86,48],[-117,-42],[-119,41],[-26,90],[-61,39],[-128,25],[-39,116],[-32,17],[-96,116],[-67,-53],[-111,-123],[-187,1],[-75,20],[-46,-52],[-72,42],[-68,-50],[-75,-23],[-40,171],[-70,26],[-36,48],[-107,26],[73,124],[-26,83],[-160,125],[-53,-52],[-133,35],[-40,-66],[-83,77],[-84,-17],[-67,15],[-46,-78],[-201,-61],[-30,-84],[-76,-38],[-54,58],[-120,36],[-64,58],[-25,75],[-42,20],[43,117],[99,80],[81,-37],[80,17],[-24,132],[67,38],[74,8],[28,107],[79,-14],[54,34],[45,174],[-20,26],[-152,74],[-58,-64],[-187,-23],[-40,-49],[-148,-32],[-81,96],[-18,55],[-73,96],[-56,-36],[-69,31],[-81,-14],[-78,139],[-52,18],[-67,79],[-142,-45],[-177,-139],[-10,-153],[-86,-66],[-89,27],[-36,57],[-81,41],[-2,49],[-81,12],[-85,47],[-21,-98],[-65,-56],[-38,-143],[-76,-52],[-277,-113],[-147,8],[-85,-48],[-120,-3],[-47,52],[-37,104],[45,88],[54,59],[-71,88],[-78,21],[-36,213],[-107,87],[-85,31],[-45,-15],[-83,52],[-149,-27],[-50,-54],[-112,-35],[-71,-83],[-60,2],[-116,-104],[-48,-74],[52,-55],[51,-149],[-15,-67],[51,-140],[-35,-72],[10,-75],[-85,-127],[-91,49],[-61,-20],[-43,-78],[-23,-96],[-143,106],[-134,36],[-100,-37],[-57,-52],[-176,-54],[-114,7],[-75,-57],[-102,-4],[-43,-28],[-88,10],[-32,-22],[-176,132],[-59,57],[-83,122],[-44,131],[-33,203],[-34,82],[5,69]],[[23554,58426],[151,161],[83,37],[76,7],[41,160],[67,26],[154,-135],[240,91],[62,8],[124,51],[160,45],[23,61],[84,42],[110,26],[131,-66],[87,12],[105,-26],[127,1],[114,-141],[64,47],[168,29],[41,-18],[180,117],[75,-12],[63,-40],[184,149],[84,-48],[110,7],[116,-58],[128,-19],[43,-59],[115,-52],[92,14],[-22,94],[68,-2],[63,-107],[103,-13],[51,-101],[63,-3],[86,-79],[164,49],[88,58],[82,77],[104,56],[59,67],[201,54],[66,56],[100,5],[90,-25],[106,24],[57,-32],[41,-102],[318,6],[50,-22],[55,39],[63,-40],[197,23],[45,92],[56,30],[113,-22],[19,-54],[169,102],[96,13],[67,-66],[114,44],[86,-5],[62,107],[64,2],[48,-141],[65,-129],[207,-173],[25,-45],[107,18],[89,43],[68,57],[87,-27],[153,57],[43,-53],[86,-39],[61,47],[68,-21],[234,-19],[79,-39],[68,5],[151,-70],[47,-74],[126,-79],[59,-73],[30,-77],[56,60],[138,-11],[82,116],[-18,70],[46,120],[3,106],[117,11],[14,-48],[104,8],[59,-52],[186,34],[108,39],[68,48],[68,81],[204,133],[28,-33],[86,-16],[122,37],[33,73],[140,63],[150,190],[88,-42],[62,83],[11,56],[148,20],[47,-51],[67,170],[54,39],[37,94],[53,55],[82,11],[26,39],[-27,54],[24,41],[174,102],[56,75],[127,68],[37,152],[70,99],[39,145],[75,85],[-51,86],[-1,51],[42,89],[-13,46],[84,111],[6,114],[-30,166],[17,209],[-3,165],[26,53],[-43,169],[103,85],[151,51],[50,96],[103,21],[54,-10],[103,-202],[229,-278],[76,-46],[27,-106],[59,-1],[-4,-90],[-53,-32],[69,-108],[61,-130],[-2,-133],[102,-223],[93,-88],[12,-98],[78,-42],[6,-46],[168,-202],[-113,-55],[-9,-82],[102,-214],[108,-158],[264,-320],[63,-42],[20,-52],[-51,-88],[51,-154],[77,-105],[74,-62],[3,-132],[169,-168],[18,-226],[48,-59],[1,-66],[60,-194],[270,-352],[14,-63],[66,-67],[-58,-159],[-71,-22],[-2,-83],[96,-6],[0,102],[90,-95],[61,-99],[46,-40],[-77,-68],[22,-57],[21,-144],[-17,-68],[55,-104],[92,-130],[54,-29],[55,-120],[369,-402],[24,-72],[-16,-69],[80,-118],[129,-147],[151,-148],[113,-93]],[[38320,44650],[-56,-49],[-79,-108],[-48,-112],[-43,5],[-62,79],[-113,33],[-25,-93],[-98,-23],[-139,10],[-48,-82],[-52,3],[-59,-56],[14,-54],[57,-59],[-24,-77],[-128,-93],[-20,-85],[-100,-64],[-138,-20],[-121,-45],[-22,-105],[-77,-50],[2,-35],[-198,-95],[-9,-48],[-74,0],[-135,-114],[-26,-129],[-70,-60],[-104,-38],[29,-155],[-44,-123],[-78,-113],[-49,-41],[13,-51],[-39,-93],[118,-33],[120,-122],[-23,-108],[22,-62],[-71,-116],[-70,-39],[-20,-115],[-110,-142],[-197,16],[-50,22],[-105,-12],[-95,-69],[-46,-64],[-68,9],[-77,109],[-188,52],[-118,-16],[-48,20],[-1,61],[-191,142],[-86,110],[-38,124],[-130,48],[-38,45],[-100,25],[-132,56],[-8,-71],[-46,-25],[-4,-78],[43,-66],[-16,-54],[-66,0],[-165,43],[-15,-91],[32,-71],[27,-188],[-11,-66],[-86,0],[-128,53],[-84,-6],[-128,62],[-82,-12],[-106,25],[-15,49],[-77,66],[-78,-7],[-35,-86]],[[33367,41928],[-50,-13]],[[33317,41915],[-58,-29],[-82,-2],[-15,-123],[-145,-86],[5,-69],[-91,29],[14,55],[-69,60]],[[32876,41750],[-9,17]],[[32867,41767],[-108,70]],[[32759,41837],[-44,0]],[[32715,41837],[-61,-145],[3,-132],[-36,-44],[-91,-231],[-87,-150],[-1,-86],[175,-123],[46,-71],[117,-93],[45,-117],[-22,-48],[-111,14],[-85,-13],[-179,130],[-94,30],[-58,94],[-79,-54],[-43,-93],[-143,4],[-63,28],[-67,70],[-23,53],[-131,53],[-28,-136],[-45,-42],[3,-134],[-151,-18],[-25,-51],[6,-85],[-26,-41],[-134,29],[-70,-9],[-128,20],[-114,-98],[-17,-79],[72,-1],[38,43],[83,-3],[119,-51],[45,-111],[113,10],[25,-48],[-6,-103],[71,-30],[-1,-77],[-31,-20],[-18,-92],[20,-35],[-38,-88],[4,-74],[-78,-37],[11,-143],[-51,-19],[-11,85],[-70,76],[-40,118],[-158,34],[-25,66],[10,66],[-62,69],[-22,116],[-58,-19],[-15,-55],[-105,-166],[-117,-11],[16,-62],[-27,-48],[19,-60],[56,-23],[-142,-105],[-81,49],[-103,-14],[-141,-88],[-86,-38],[-8,-86],[18,-71],[61,-57],[107,-37],[79,-82],[54,39],[65,-48],[74,-11],[71,23],[77,-36],[117,-170],[-22,-115],[81,-92],[92,-11],[130,-64],[-14,-35],[15,-133],[35,-67],[-15,-37],[-151,-124],[-78,2],[-49,-115],[50,-28],[17,-54],[-38,-100],[34,-59],[-22,-88],[-46,-60],[-25,-90],[32,-127],[-18,-66],[82,-33],[-62,-74],[-20,-88],[-93,-40],[24,-94],[80,-42],[42,-87],[47,-38],[-10,-66],[32,-120],[45,-45],[-53,-56],[-29,-100],[-118,-27],[-3,-45],[-164,-112],[-20,-106],[-44,-25],[-41,-91],[51,-105],[-11,-80],[33,-56],[28,-168],[83,35],[91,-5],[115,-32],[90,206],[107,106],[22,-31],[14,-137],[41,-37],[114,-51],[70,-8],[67,-101],[94,-32],[5,-99],[59,-3],[53,-55],[98,-23],[74,48],[-15,53],[42,49],[89,-3],[37,46],[57,-11],[98,64],[78,-54],[68,7],[66,-73],[135,-56],[-68,-51],[-43,-97],[-55,-39],[31,-72],[59,-57],[-4,-73],[31,-53],[77,-19],[4,-112],[52,-44],[-167,-90],[-49,67],[-89,75],[-136,30],[-104,-21],[-54,-84],[-85,5],[-83,-145],[82,-121],[-10,-81],[65,-53],[11,-77],[49,-47],[-82,-78],[13,-167],[-121,-114],[-56,-8],[-47,-102],[35,-96],[-41,-100],[-58,-61],[30,-81],[-8,-144],[-59,-34],[-45,-86],[-129,-98],[-58,-18],[-127,55],[-70,-49],[-56,-75],[-7,-49],[-84,-16],[-99,-60],[0,-49],[-63,-62]],[[30967,32835],[-86,14],[-68,87],[-46,17],[-27,70],[-213,-44],[-109,-72],[-205,-44],[-92,-119],[-38,21],[-166,-47],[-64,42],[31,64],[-27,46],[-56,-18],[-62,64],[-75,-45],[-43,75],[-149,-6],[-63,46],[-84,-17],[-68,76],[-14,200],[-57,44],[-182,-128],[28,-110],[-79,-47],[-48,24],[-47,185],[-51,23],[-43,100],[-60,16]],[[28704,33352],[-38,61],[-12,88],[-91,106],[-57,33],[-4,128],[21,45],[-55,31],[-31,78],[-43,-3],[-62,60],[-90,122],[9,102],[44,106],[63,83],[-2,103],[-80,94],[44,85],[-50,119],[69,110],[-18,141],[-63,47],[-60,97],[-50,29],[-88,8],[-151,-83],[-86,-8],[43,147],[-113,49],[-51,92],[-53,-29],[-84,-87],[-149,-33],[-93,2]],[[27323,35275],[-2,73],[-45,80],[9,13],[15,23],[-2,31],[-1,5],[-1,2],[-7,4],[-25,10],[-3,23],[26,130],[5,6],[1,1],[1,1],[11,6],[18,17],[40,43],[16,24],[3,17],[-4,12],[-7,20],[-28,64],[-19,42],[-8,13],[-6,5],[0,4],[4,26],[7,8],[19,10],[29,8],[15,46],[0,2],[-1,6],[-1,5],[-6,13],[-10,7],[-24,39],[12,11],[17,31],[2,8],[-10,25],[-8,14],[38,11],[26,49],[3,5],[-1,9],[-2,2],[-6,11],[-4,19],[-7,42],[4,81],[171,117],[29,45],[-4,40],[15,29],[9,33],[-4,29],[2,4],[6,13],[10,7],[5,16],[1,7],[-7,42],[-1,43],[-9,71],[50,83],[16,-3],[9,5],[6,5],[55,69],[141,-34],[10,4],[39,29],[4,5],[-4,10],[-4,9],[0,0],[-2,-1],[-4,-2],[-10,-1],[-37,19],[-14,48],[-15,19],[-69,56],[-10,41],[0,2],[4,39],[-7,4],[-18,11],[-46,-15],[-44,-2],[-7,1],[-22,22],[-26,26],[-32,-21],[-35,1],[-10,9],[-16,0],[0,0],[0,0],[-8,-35],[-1,-1],[-18,-80],[-3,-13],[-1,-4],[-1,-4],[-1,-1],[-1,-2],[0,0],[-2,-3],[-2,-3],[-9,-11],[-48,-5],[-21,4],[-7,1],[-9,23],[-30,53],[-5,47],[-66,147],[-2,19],[36,80],[94,92],[10,28],[-37,50],[-85,-32],[-90,6],[-25,24],[-12,14],[-3,7],[-2,2],[-1,4],[1,24],[4,10],[12,26],[3,6],[4,5],[4,3],[5,8],[2,4],[3,5],[12,29],[3,7],[1,4],[10,42],[2,10],[-5,23],[-75,-3],[-57,-32],[-60,-102],[-11,-95],[-107,-78],[-85,23],[-62,59],[-80,4],[-105,-23],[-13,-1],[-19,1],[-52,0],[-51,14],[-21,33],[-2,33],[16,9],[0,33],[0,8],[-3,12],[4,25],[5,31],[20,49],[-10,101],[-39,41],[-27,29],[0,0],[9,7],[26,12],[53,10],[38,11],[4,1],[7,11],[0,1],[2,16],[-1,3],[-3,3],[-15,13],[-9,43],[12,47],[0,27],[-47,80],[-3,6],[-7,3],[-26,16],[-25,17],[0,6],[1,1],[0,1],[1,1],[34,26],[45,2],[14,-8],[9,6],[1,3],[-1,15],[0,1],[-2,21],[-27,48],[-2,32],[-1,24],[0,3],[-2,8],[-31,44],[-90,-14],[-31,5],[-44,9],[-5,4],[-1,2],[-2,5],[0,8],[0,3],[2,3],[1,4],[1,0],[0,8],[-1,11],[-6,27],[-7,6],[-8,6],[-30,10],[-19,127],[10,78],[-15,-4],[-48,-11],[-99,-48],[-40,-7],[-30,6],[-20,0],[-36,25],[-43,-3],[-42,-21],[-4,1],[-7,5],[-18,60],[13,21],[-94,74],[-49,82],[-165,-5],[-40,30],[-4,7],[0,3],[2,5],[2,5],[15,7],[7,5],[13,12],[8,9],[2,4],[3,4],[0,4],[1,10],[-2,6],[-1,5],[-1,5],[0,4],[1,11],[3,15],[11,23],[4,22],[-2,16],[-13,26],[-17,15],[-23,24],[8,17],[4,25],[-1,9],[-1,6],[0,0],[-2,0],[-4,0],[-5,2],[-5,10],[-1,6],[-11,48],[-23,4],[-5,8],[-2,6],[0,4],[1,5],[1,5],[3,6],[0,6],[1,10],[0,10],[-2,2],[-3,1],[-18,-2],[-13,4],[-2,0],[-1,1],[-1,0],[-1,3],[-3,6],[-3,11],[-6,40],[12,65],[-14,12],[-32,-9],[-1,-2],[-1,-1],[-9,-13],[-10,-7],[-25,6],[-14,-2],[-8,-5],[-5,-5],[-4,3],[-16,32],[-15,32],[-1,4],[8,17],[5,6],[23,-13],[4,1],[1,1],[26,16],[-11,32],[27,55],[16,19],[24,82],[105,38],[25,40],[15,15],[7,4],[4,2],[6,30],[2,12],[3,47],[5,12],[7,20],[1,42],[-33,34],[-22,8],[-22,3],[-8,-1],[-10,-1],[-9,0],[-43,15],[-25,12],[-6,15],[-13,8],[-5,2],[-12,3],[-4,0]],[[25357,40404],[40,54]],[[25397,40458],[24,21]],[[25421,40479],[88,31],[67,54],[-22,40],[44,176],[69,12],[98,109],[82,-59],[59,72],[-93,125],[21,67],[173,23],[47,67],[93,9],[35,-39],[134,16],[21,-66],[70,-63],[80,-22],[11,48],[91,72],[41,59],[-65,130],[-101,30],[-67,93],[16,66],[48,59],[-96,129],[-96,85],[-150,49],[-71,46],[-20,70],[-92,8],[-116,34],[5,111],[21,40],[-3,102],[-169,50],[-57,-18],[-66,67],[45,58],[-25,191],[-190,95]],[[19757,43914],[94,-13],[160,-89],[149,-35],[43,-38],[77,24],[235,-97],[76,-39],[-29,-95],[129,-248],[-8,-106],[90,-119],[42,71],[62,-96],[17,-203],[24,-95],[112,-92],[311,-94],[197,76],[199,15],[74,62],[-16,91]],[[25421,40479],[-24,-21]],[[25357,40404],[-82,14],[-30,38],[-78,-34],[-73,5],[-60,49],[-52,-13],[-89,131],[-73,9],[-48,85],[-71,4],[-107,54],[-16,60],[-176,40],[-104,-11],[-23,40],[-62,18],[-48,-11],[-3,-17],[-17,-44],[-10,-3],[-6,2],[-2,1],[-4,2],[-4,3],[-46,-22],[-16,-37],[3,-14],[2,-2],[1,-3],[0,-5],[-6,-8],[-29,-27],[-44,-17],[-41,-31],[-43,-34],[-8,-1],[-3,0],[-9,1],[-15,-26],[39,-20],[12,2],[10,5],[2,-2],[7,-8],[8,-10],[72,-182],[16,4],[35,11],[29,-1],[38,6],[3,3],[0,1],[1,1],[5,41],[30,-23],[4,-56],[14,-33],[13,-43],[3,-18],[2,-12],[-7,-25],[-8,-3],[-38,-34],[-23,-45],[-12,-54],[13,-11],[27,-22],[14,-59],[-56,-37],[-6,-36],[-8,-51],[2,-17],[30,-44],[14,-45],[0,-1],[1,-4],[-6,-19],[-4,-12],[-7,-11],[-2,-11],[0,-8],[9,-31],[23,-14],[5,4],[3,-1],[1,-18],[1,-3],[-1,-1],[-3,-3],[0,0],[-9,-2],[-25,0],[-15,3],[-6,-3],[-35,-63],[41,-21],[10,-15],[-5,-96],[100,-47],[61,-64],[87,-16],[51,-23],[7,5],[2,2],[12,5],[3,1],[3,0],[1,0],[13,-8],[0,-4],[-7,-19],[-13,-57],[35,-68],[71,19],[31,-10],[19,-10],[4,-5],[10,-11],[4,-10],[-1,-2],[3,-4],[-4,-19],[-5,-11],[-4,-6],[-5,-2],[-14,-13],[-6,-9],[-3,-31],[-3,-28],[-36,-27],[-53,-3],[-31,-60],[-10,-29],[-25,-45],[44,-64],[3,-5],[1,-9],[0,-1],[-46,-2],[-11,-19],[-8,-5],[-11,1],[-10,4],[-2,5],[-13,12],[-24,-3],[-42,-36],[-4,-16],[3,-10],[1,-8],[1,-11],[-4,-4],[-12,-19],[21,-36],[8,-47],[20,-19],[43,-65],[-3,-8],[-23,-21],[-54,-38],[-35,-43],[-1,-2],[-1,-29],[56,-41],[15,-34],[-17,-21],[-21,-15],[-3,-20],[2,-3],[0,0],[13,-23],[22,-29],[106,0],[61,-34],[1,-11],[0,-44],[0,-2],[0,-2],[-6,0],[-35,-56],[14,-54],[18,-51],[8,-16],[37,-35],[8,2],[3,5],[12,6],[21,-21],[8,-28],[6,-36],[-14,-36],[-46,-44],[1,-6],[10,-12],[17,-17],[4,-32],[-4,-48],[-4,-11],[-19,-14],[5,-5],[10,-7],[163,-58],[70,-80],[5,-49],[101,-41],[57,-1],[20,-45],[21,-28],[27,-44],[5,-10],[6,-6],[2,-1],[61,14],[8,3],[10,9],[2,4],[2,10],[2,59],[10,6],[15,6],[29,7],[97,-37],[40,17],[21,-5],[0,-4],[2,-30],[-5,-34],[-7,-47],[-4,-20],[-18,-50],[-2,-22],[1,-15],[0,-5],[2,-16],[3,-24],[-11,-53],[5,-44],[4,-9],[-1,-19],[0,-5],[2,-5],[12,-9],[4,-21],[3,-23],[-16,-40],[-18,-30],[2,-38],[-51,-30],[-15,-17],[-2,-3],[3,-25],[2,-14],[13,-38],[52,-58],[12,-47],[-3,-2],[-3,-2],[-27,-7],[-31,-10],[-63,-56],[-2,-25],[8,-7],[14,-33],[-17,-43],[-11,-5],[-18,-9],[-31,0],[7,-31],[2,-8],[-22,-70],[-2,-32],[-2,-55],[6,-8],[0,0],[-2,-28],[0,-30],[0,-7],[11,-5],[11,-14],[-2,-4],[-12,-49],[-16,-17],[-33,14],[-27,-14],[-43,-53],[66,-98],[5,-14],[0,-7],[0,0],[0,0],[44,-50],[62,-19],[38,-34],[16,-10],[33,-19],[49,-33],[2,-1],[1,-1],[12,-6],[8,-3],[18,-2],[13,0],[0,0],[5,1],[40,12],[9,-6],[4,-5],[2,-3],[0,0],[2,-5],[0,-8],[-6,-4],[-11,-9],[-8,-5],[-25,-13],[-18,-9],[-24,-23],[0,-3],[0,-5],[3,-6],[-6,-20],[-24,-29],[15,-44],[0,-21],[4,-12],[-10,-14],[23,-62],[91,-103],[3,-43],[11,-33],[33,-18],[36,-2],[50,55],[10,-8],[8,-5],[29,-20],[10,-5],[18,-8],[9,-10],[4,-5],[7,-15],[4,-13],[12,-27],[14,-6],[13,-14],[6,-9],[0,-5],[-5,-21],[-2,-25],[30,-65],[6,2],[33,9],[0,0],[52,-39],[0,-10],[-14,-27],[-11,-19],[-11,-18],[18,-13],[0,-101],[4,-3],[6,-3],[12,-5],[0,0],[3,0],[11,3],[47,62],[12,41],[4,11],[18,37],[34,10],[-7,74],[25,44],[33,43],[18,11],[43,13],[45,56],[-36,75],[-2,10],[0,4],[9,10],[22,53],[-14,22],[12,50],[18,57],[-9,89],[-39,26],[7,28],[1,18],[0,2],[-6,47],[4,21],[3,5],[8,12],[11,27],[2,8],[-3,5],[17,2],[19,-6],[43,13],[5,4],[7,22],[8,0],[17,-2],[24,-6],[56,-43],[64,-61],[-16,-83],[-16,-20],[-3,-8],[-2,-21],[14,-54],[29,-33],[-34,-100],[113,-18],[16,-27],[11,-36],[10,-22],[13,-24],[23,-16],[13,-10],[22,-35],[0,-8],[-6,-10],[-10,-15],[-9,-20],[17,-10],[13,-4],[9,-3],[17,-14],[13,-12],[3,-2],[76,-31],[27,-3],[28,-8],[14,-12],[13,-33],[12,-30],[2,-1],[2,0],[7,-1],[6,3],[13,-1],[66,-43],[116,72],[4,19],[1,9],[-3,5],[-6,6],[-13,23],[1,5],[10,11],[38,20],[10,36],[48,16],[8,-3],[18,3],[8,2],[2,3],[4,5],[-2,9],[-15,11],[-3,18],[-2,34],[0,8],[2,4],[4,4],[23,6],[62,28],[9,8],[2,2],[2,16],[-2,6],[-2,9],[54,8],[8,8],[9,10],[12,7],[7,4],[0,0],[4,-2],[7,-2],[14,11],[25,50]],[[28704,33352],[-135,-10],[-32,-35],[-18,-131],[4,-153],[78,39],[44,-71],[-93,-134],[-86,21],[-20,-46],[52,-37],[21,-125],[-43,-81],[-34,2],[-38,123],[-62,1],[-83,149],[-83,24],[-76,-45],[-64,82],[-83,33],[-64,-7],[-51,60],[-147,31],[6,-71],[46,-22],[19,-76],[-26,-51],[24,-123],[-62,-34],[43,-126],[-29,-50],[-87,-78],[-105,-22],[-63,-40],[-70,87],[-47,-13],[-63,-90],[-112,27],[-72,84],[-42,-46],[-68,-8],[-77,112],[-5,65],[-43,104],[-58,12],[-21,62],[18,53],[-24,116],[-142,-77],[-59,-86],[-58,-10],[-57,-63],[-89,94],[-148,77],[18,77],[-44,45],[1,74],[-29,52],[-92,90],[-3,89],[35,45],[-47,67],[23,54],[-45,61],[29,89],[-100,65],[-17,36],[68,114],[-41,91],[-58,17],[-41,126],[-164,18],[-41,-123],[-72,8],[-52,61],[-79,-35],[-25,-102],[-87,-18],[-113,-55],[-81,16],[-49,47],[-71,3],[-57,-94],[-1,-95],[82,-102],[-57,-49],[-60,25],[-68,98],[-88,59],[-105,-18],[-27,35],[-68,-6],[-25,-132],[-39,-31],[-71,23],[-77,78],[-109,-86],[-120,-40],[-119,76],[-87,-48],[-27,-51],[2,-127],[-18,-39],[-89,-37],[-196,138],[-111,-45],[-147,148],[-30,-3],[-108,119],[1,100],[-32,104],[38,46],[19,91],[-66,18],[-102,96],[2,38],[-96,4],[-107,-28],[-42,36],[-25,84],[-49,-14],[-62,54],[-69,-43],[-198,19],[-134,88],[-61,3],[-170,-67],[-70,-87],[-110,-75],[-82,3],[-97,66],[-106,-32],[-71,-94],[-79,-236],[-5,-281],[-24,-207],[-66,-82],[-221,-81],[-184,-35],[-121,-160],[-53,-26],[-314,-44],[-76,-41],[-129,-3],[-61,-153]],[[20201,32718],[-49,-134],[-59,32],[-68,-34],[-146,59],[-307,40],[-69,-53],[-65,81],[29,107],[-24,91],[66,26],[-96,150],[-85,36],[-47,104],[-128,-24],[7,221],[-13,84],[145,83],[-132,64],[-8,60],[-136,24],[-44,-63],[-42,47],[-17,92],[-60,116],[-79,109],[-84,46],[-58,64],[-81,12],[-75,-112],[-132,161],[-65,48],[-178,50],[-124,-22],[-58,-107],[28,-132],[-38,9],[-67,74],[-1,250],[144,18],[81,-16],[92,121],[3,77],[-26,105],[120,183],[-3,99],[-54,101],[-3,232],[91,93],[-25,40],[28,104],[72,17],[3,50],[-187,333],[-95,52],[-55,131],[-85,141],[13,45],[97,-13],[42,86],[220,42],[74,92],[87,37],[1,34],[-135,22],[-174,135],[-166,159],[-78,21],[-185,-2],[-15,49],[36,63],[50,253],[71,132],[88,13],[103,120],[138,29],[-47,52],[-111,-38],[-135,-109],[-41,69],[37,70],[-74,40],[-55,73],[22,56],[-25,71],[22,61],[-72,71],[-17,157],[37,177],[-11,101],[57,118],[-87,108],[-93,39],[-45,102],[67,126],[-38,56],[-34,137],[5,73],[-61,69],[-25,71],[-373,147],[-16,75],[-153,45],[-116,5],[-103,50],[-33,-27],[-55,61],[-88,-36],[-17,-50],[-139,-39],[-175,-174],[-20,-71],[-52,-66],[-33,67],[-70,-9],[-1,-50],[-103,-48],[-28,62],[-57,40],[47,54],[5,188],[87,59],[31,71],[-1,133],[-49,155],[-57,141],[-53,81],[-187,23],[19,86],[-28,37],[-12,142],[101,71],[-19,124],[25,50],[-40,127],[-102,-111],[-52,-22],[-172,-1],[-14,-85],[53,-87],[-75,-23],[9,-52],[-119,-34],[-86,5],[-24,-66],[-88,-38],[-40,-94],[-194,29],[-175,-12],[-49,179],[1,129],[72,5],[86,134],[92,-34],[167,-88],[122,-14],[98,63],[51,79],[-6,53],[-71,55],[-122,-68],[14,60],[60,49],[-38,65],[-97,23],[-97,73],[-4,92],[-95,13],[-25,33],[-128,-20]],[[14674,41139],[-28,12],[-143,-29],[86,-68],[17,-166],[-22,-50],[-60,0],[-20,-55],[-110,-91],[-54,-96],[-37,27],[40,112],[18,132],[79,102],[-46,139],[-63,1],[11,63],[-30,79],[-72,42],[7,54],[206,24],[16,84],[84,94],[34,135],[-63,58],[113,43],[43,196],[-121,72],[77,21],[25,105],[95,-113],[-12,-77],[42,-68],[11,-145],[48,-17],[67,30],[42,132],[-36,59],[-76,35],[115,85],[83,124],[10,50],[-99,161],[33,83],[-97,121],[153,7],[54,135],[121,5],[57,55],[120,22],[83,40],[315,-152],[79,70],[-8,55],[96,231],[-35,262],[-55,123],[10,68],[86,4],[49,86],[50,-39],[-1,-132],[48,-67],[-80,-168],[74,-133],[-80,-81],[-7,-36],[75,-76],[49,-85],[56,-20],[0,-128],[68,-20],[-5,-56],[-76,20],[-45,-40],[-14,-114],[-92,-118],[20,-39],[-81,-77],[-22,-111],[224,-64],[-15,-51],[-106,-31],[-85,-66],[-118,9],[-19,-82],[77,-45],[-22,-91],[7,-72],[56,-14],[39,57],[-22,33],[91,95],[75,-16],[111,51],[84,-41],[42,44],[-70,57],[-40,81],[17,48],[-76,53],[-18,46],[66,55],[6,98],[68,78],[46,-33],[98,3],[-52,-137],[56,-52],[64,-131],[76,-15],[29,30],[-62,86],[-10,86],[44,18],[70,78],[14,118],[-70,86],[104,71],[201,-15],[-6,140],[91,-17],[20,56],[65,-28],[69,58],[88,-3],[-41,92],[-100,1],[-64,120],[100,106],[-107,103],[-31,-39],[-90,34],[-55,-62],[-75,74],[-19,99],[-67,21],[-146,-26],[39,55],[-31,37],[-72,-6],[-18,106],[-109,-13],[-37,50],[34,37],[98,-17],[33,21],[122,-8],[60,-87],[63,94],[89,-13],[0,70],[-99,5],[36,69],[-88,27],[-190,-17],[-101,49],[-88,1],[-29,78],[47,50],[187,89],[38,73],[51,-51],[172,31],[36,33],[62,-7],[263,7],[77,34],[111,-54],[-11,-30],[149,-11],[22,-89],[145,84],[-54,121],[2,55],[65,75],[19,74],[151,277],[57,2],[31,59],[196,-61],[81,-125],[5,-60],[204,-102],[86,-16],[61,-56],[91,-46],[86,-12],[482,-243],[119,-21],[321,-11],[132,23]],[[16722,39338],[3,1]],[[16725,39339],[-3,-1]],[[16725,39339],[25,87],[74,-11],[-36,-122],[-63,46]],[[16722,39338],[-32,-71],[41,-34],[-6,-96],[-64,-32],[-49,13],[-40,-52],[35,-57],[113,-27],[-3,-81],[45,-97],[-39,-84],[56,-136],[53,-38],[-4,-62],[-75,-22],[31,-55],[124,2],[69,-103],[16,-78],[-38,-23],[87,-148],[1,-101],[60,-76],[17,-65],[-98,-90],[145,-92],[-4,-64],[83,-30],[-21,-67],[57,-156],[-60,-22],[-50,-69],[44,-123],[-53,9],[-31,68],[-110,93],[-57,-21],[-31,77],[-68,31],[-83,-7],[-9,-69],[-81,-46],[-161,162],[-3,67],[31,93],[-37,26],[-85,-33],[-138,26],[25,63],[-37,126],[11,92],[-58,21],[43,76],[31,114],[4,139],[-20,35],[22,107],[-41,25],[-3,111],[25,47],[-27,331],[-128,184],[7,61],[-31,102],[69,8],[43,-28],[-12,162],[186,116],[110,15],[55,33],[63,-31],[21,-109],[64,-40]],[[14668,41117],[6,22]],[[14674,41139],[-6,-22]],[[17795,38341],[109,162],[58,13],[54,-53],[121,3],[157,-177],[62,38],[-94,63],[-78,89],[-109,37],[-123,86],[-29,2],[-170,-169],[7,-76],[35,-18]],[[19002,38111],[-40,-61],[-111,-70],[-113,-16],[-26,45],[-128,52],[-92,2],[-3,-67],[-86,-59],[-63,-6],[-107,-145],[-50,-24],[-39,-66],[13,-49],[67,-79],[54,36],[-9,58],[105,16],[26,53],[-17,122],[75,-31],[-46,-116],[58,-22],[61,17],[-2,62],[35,42],[-19,104],[61,47],[142,-66],[137,51],[79,71],[38,99]],[[30967,32835],[-10,-154],[28,-73],[-29,-64],[167,-114],[-34,-81],[63,-23],[73,-267],[70,-54],[-50,-98],[-99,-73],[-118,-47],[-7,-122],[54,-51],[-30,-59]],[[31045,31555],[-52,3],[-84,-62],[-102,26],[-27,-132],[-60,-56],[28,-99],[-84,-65],[-29,-106],[-86,30],[-58,-6],[-68,-66],[0,-33],[-96,-51],[-47,41],[-117,-72],[-42,3],[-80,-61],[-61,-87],[-142,-32],[-49,53],[-77,34],[-61,-105],[14,-62],[-67,-99],[-26,-90],[-59,-26],[7,-55],[-46,-97],[-94,-67],[-87,-26],[-147,-129],[-51,-104],[-94,32],[-35,-28],[-33,-91],[-5,-132],[13,-86],[-26,-47],[25,-143],[-30,-102],[10,-67],[-109,-69],[-73,-124],[-26,-173],[1,-87],[-97,-67],[5,-84],[-69,-66],[-21,-91],[43,-53],[-2,-71],[105,-151],[-136,-40],[-63,-64],[-22,-118],[-43,-45],[35,-125],[-143,-115],[-70,-101],[-14,-88],[63,-85],[120,-76],[52,-78],[68,8],[58,-59],[-3,-51],[58,-73],[30,-96],[72,-80],[22,-55],[59,-25],[-4,-74],[30,-51],[-157,-103],[10,-74],[-19,-102],[90,-148],[78,27],[74,-45],[63,17],[57,-50],[-82,-102],[6,-93],[-51,-148],[-34,-5],[-99,-128],[-96,-39],[-85,-126],[-16,-127],[-52,-61],[-94,-63],[19,-114],[105,-155],[-24,-109],[-124,-85],[-28,-76],[-181,-104],[-78,-3]],[[28128,24750],[-91,109],[-123,39],[-25,32],[-95,42],[-7,58],[-85,19],[-57,88],[-94,48],[-25,43],[-159,99],[-109,-17],[-70,64],[-72,15],[-119,-20],[-39,-32],[-158,22],[-152,-134],[-54,-154],[-91,-145],[-47,-20],[-19,-66],[-61,-47],[0,-61],[-77,-55],[-43,14],[-33,86],[-126,58],[-86,67],[-75,-45],[-148,-39],[-69,-85],[-129,-33],[-219,108],[-281,-18],[-212,198],[-24,42],[-109,13],[-35,-42],[-41,-155],[-28,-21],[-102,13],[-107,67],[-28,40],[-2,79],[-110,-30],[-47,18],[-74,-54],[-81,-107],[-47,-27],[0,-52],[-158,-27],[-38,-58],[-87,-38],[-111,-9],[-80,30],[-71,55],[-165,65],[-36,-12],[-69,67],[-94,-7],[-74,59],[75,87],[13,121],[95,-45],[75,38],[-27,66],[23,67],[-44,51],[51,106],[-67,53],[7,69],[-88,78],[-73,-64],[-78,33],[-3,53],[-79,60],[-32,110],[139,-13],[49,40],[-17,57],[30,128],[38,90],[-70,76],[-71,7],[-6,130],[-17,27],[15,138],[-17,76],[-103,-26],[-91,-73],[-107,75],[-47,-81],[24,-38],[-57,-160],[-88,-35],[-35,-114],[-97,11],[1,-147],[42,-84],[5,-74],[-127,-65],[-83,19],[-119,-27],[-61,3],[-51,64],[1,66],[-120,-44],[22,89],[-32,64],[-137,84],[23,75],[-62,35],[22,108],[-32,65],[-131,49],[-17,40],[-105,64],[-65,-4],[-122,52],[-74,-21],[-13,85],[20,78],[-121,28],[-34,66],[-124,-27],[1,-175],[-241,-4],[-63,25],[-104,-39],[-57,-1],[-68,-54],[-23,-69],[-69,-64],[-67,27],[-31,-39],[58,-100],[76,-64],[-3,-139],[24,-54],[-51,-27],[-40,-73],[-79,-65],[-130,-40],[68,-60],[24,-130],[-8,-71],[-113,-135],[-140,2],[-50,-171],[-72,16],[-90,-49],[-150,49],[-20,-65],[-41,-17],[-9,-89],[-70,-108],[-44,18],[-27,-92],[-169,12],[-178,121],[-33,41],[-82,-71],[-80,16],[-35,-24],[-17,-137],[75,10],[-9,-117],[-35,-72],[-64,30],[-51,76],[-83,-7],[-29,26],[-121,19],[-150,-77],[-23,63],[-53,19],[-35,129],[-63,20],[33,80],[28,150],[-62,102],[-11,64],[-90,-44],[-64,-94],[-41,48],[38,40],[4,186],[-95,38],[-32,73],[-55,26],[125,103],[21,145],[-20,51],[-98,96],[-7,62],[-40,32]],[[17676,26114],[-7,-16]],[[17669,26098],[-58,-31],[-174,31]],[[17437,26098],[-28,69],[-57,19],[-58,-37],[-61,29],[323,561],[107,250],[82,134],[141,-15],[27,73],[117,80],[131,48],[139,-9],[135,29],[62,57],[131,14],[51,20],[128,-41],[116,157],[37,31],[30,145],[95,-24],[20,59],[67,15],[161,-52],[125,-139],[9,91],[37,76],[-70,143],[-31,18],[-60,-71],[-226,62],[-221,4],[-99,42],[-74,-25],[-100,28],[-168,-62],[-109,13],[-160,-77],[-119,16],[-75,-17],[-97,77],[-63,-1],[-37,94],[-81,84],[-129,18],[-10,72],[-46,11],[37,85],[56,7],[-23,179],[-92,15],[122,79],[100,30],[105,113],[69,18],[176,150],[29,69],[60,-1],[35,126],[241,119],[-218,305],[-144,134],[-332,832],[18,12],[290,-730],[36,-97],[74,-81],[32,6],[257,-372],[107,-66],[158,174],[111,73],[47,65],[90,186],[159,140],[-29,321],[11,55],[-51,49],[107,153],[50,-57],[149,-35],[342,40],[81,29],[81,-18],[-144,326],[-15,183],[-62,7],[-22,137],[-44,178],[-18,219],[-66,-63],[-86,14],[-169,-5],[-100,28],[-68,-4],[-78,46],[-29,140],[-11,156],[11,139],[43,75],[-2,78],[-213,66],[-53,-6],[0,-307],[-150,-11],[-56,35],[-21,145],[-229,-7],[-52,-11],[-325,-941],[7,-89],[-50,-121],[-76,-74],[-136,-166],[-108,30],[-66,-22],[-16,74],[-106,118],[74,36],[53,-14],[71,-60],[117,-36],[146,179],[-42,93],[97,8],[330,961],[13,61],[-103,122],[12,26],[1,181],[25,83],[687,43],[142,16],[44,-27],[4,-65],[58,3],[-20,79],[183,12],[158,53],[221,2],[98,29],[111,87],[66,-11],[71,-47],[108,-42],[63,3],[106,71],[55,113],[28,99],[-67,29],[-69,-10]],[[19804,32531],[4,-27],[-103,-65],[-84,-23],[-212,7],[-2,49],[207,11],[190,48]],[[21612,15089],[-186,-5],[69,-66],[38,-116],[45,-70],[-64,-36],[-80,85],[-86,17],[-64,35],[-103,100],[-65,17],[-81,-56],[-135,28],[-6,34],[-93,32],[28,121],[-61,23],[-93,-25],[-52,21],[10,93],[98,39],[-19,91],[-47,90],[-11,80],[24,69],[-50,42],[26,51],[24,133],[-9,135],[31,70]],[[20700,16121],[-36,65],[-3,86],[39,48],[-9,61],[-68,82],[39,46],[-13,55],[-53,15],[-43,97],[32,18],[-25,77],[-68,-22],[22,-97],[-50,-93],[-38,-259],[25,-102],[-33,-91],[11,-180],[-69,-49],[29,-260],[-29,-134],[-175,-35],[16,-91],[68,-73],[-188,-290],[-42,-52],[-69,22],[-97,-66],[-78,14],[-99,-72],[-71,-87],[-24,-72],[-45,-14],[-87,90],[-70,-73]],[[19399,14685],[-46,35],[-43,-118],[-56,-42],[-60,29],[-76,-113],[-47,49],[-61,-50],[44,-30],[12,-74],[-45,-12],[-58,-64],[30,-79],[57,-1],[-22,-162],[21,-66],[-117,-91],[-57,-26],[66,-77],[-75,-55],[30,-66],[-25,-144],[-25,-69],[-47,15],[-59,65],[-278,27],[-58,-60],[-71,-150],[-84,3],[-64,-32],[-7,-81],[-43,-14],[-65,47],[-8,141],[28,55],[-64,61],[79,55],[59,119],[-44,81],[-6,176],[-39,61],[-104,37],[-49,-20],[-25,-78],[-71,29],[-20,-35],[-90,-43],[-77,1],[-53,61],[26,57],[63,-88],[56,36],[18,68],[-69,95],[-13,73],[62,36],[26,53],[111,-36],[2,62],[-63,79],[5,87],[31,48],[51,-35],[65,-2],[111,101],[-79,162],[53,53],[-69,85],[-63,-41],[-24,-61],[-59,34],[-63,-4],[-84,-57],[-93,136],[-93,73],[81,71],[33,-67],[89,23],[-93,76],[40,131],[-87,12],[-68,88],[2,53],[77,-2],[21,40],[-57,56],[-33,133],[137,56],[-86,155],[-78,18],[-107,-5],[1,58],[129,37],[4,58],[-87,16],[-129,83],[17,50],[-63,79],[-89,-10],[-20,-83],[-79,14],[-86,-32],[28,-74],[-126,-75],[-33,1],[-74,77],[60,40],[39,109],[-34,77],[-54,42],[-151,-27],[-30,38],[-139,49],[-112,57],[-63,-47],[-59,12],[-74,-29],[-68,69],[59,160],[-62,32],[-65,-4],[-181,58],[3,47],[69,68],[-80,69],[-166,-27],[81,64],[104,-24],[39,110],[83,87],[-38,58],[-53,-57],[-65,1],[-98,82],[-65,34],[45,90],[-54,66],[34,46],[-72,96],[42,36],[4,64],[-51,42],[55,51],[-18,189],[119,28],[26,147],[48,60],[-44,66],[135,370],[94,25],[112,-97],[-28,-65],[39,-22],[73,42],[49,-76],[73,-27],[11,-52],[-31,-56],[5,-118],[82,-28],[80,-87],[20,-55],[-27,-63],[74,-73],[73,11],[60,49],[46,137],[109,101],[36,132],[-48,9],[-222,110],[50,93],[91,-2],[47,30],[9,183],[155,56],[70,-22],[192,74],[70,-9],[156,55],[-77,191],[-150,-83],[-49,-10],[-175,-88],[-132,-27],[-134,-13],[-123,158],[-100,30],[118,113],[169,242],[60,21],[16,82],[80,14],[38,45],[111,8],[-61,78],[-6,84],[-89,118],[-5,56],[55,93],[-91,22],[-6,96],[26,52],[90,103],[4,107],[-117,87],[-9,60],[77,92],[-65,6],[-37,134],[61,156],[-35,65],[-108,54],[13,178],[-120,90],[-18,-152],[39,-82],[-102,-77],[10,-49],[74,-9],[48,-61],[-69,-172],[70,-10],[-66,-100],[11,-143],[-138,26],[-19,-60],[-79,-24],[-123,17],[-31,161],[-90,8],[-55,-54],[-53,68],[89,50],[57,74],[-119,69],[-17,73],[-51,18],[-58,90],[27,100],[56,32],[9,85],[50,9],[77,-47],[34,-103],[52,-60],[107,63],[41,-7],[58,61],[15,53],[82,53],[-73,88],[-97,33],[58,63],[175,96],[231,146],[-15,147],[-63,127],[-126,-18],[-161,-81],[-41,115],[50,34],[-59,66],[-80,23],[63,114],[-57,84],[-48,106],[-59,20],[-95,-16],[-6,-95],[-51,-41],[48,-61],[-30,-36],[-77,-11],[-35,-76],[90,-4],[34,-55],[-68,-53],[-24,-48],[-99,68],[-27,93],[-57,27],[-41,-52],[-75,-46],[-120,0],[33,-125],[95,-47],[4,-43],[-79,-65],[6,-52],[-48,-39],[-61,-92],[-69,17],[-37,147],[-105,-113],[-55,33],[31,49],[-27,154],[71,73],[-24,97],[-96,56],[-156,-30],[-69,87],[-75,-41],[-79,-17],[-26,92],[-68,-27],[-124,96],[55,126],[-80,85],[22,93],[124,82],[77,22],[94,52],[183,-109],[68,41],[73,-25],[66,-59],[43,25],[141,-53],[25,55],[60,32],[-157,80],[33,117],[54,91],[5,50],[103,131],[94,-1],[43,-39],[27,-85],[62,3],[45,38],[154,-17],[-8,-106],[121,0],[68,97],[31,74],[-51,40],[17,52],[62,-17],[110,118],[-9,-213],[20,-24],[-55,-94],[-24,-89],[-83,-164],[51,-62],[-37,-90],[34,-35],[83,2],[66,34],[13,-78],[-63,-2],[-6,-125],[88,18],[129,-75],[-22,-75],[63,-32],[106,177],[19,-134],[53,-16],[50,125],[78,-53],[-11,-58],[57,-38],[-33,-58],[-66,-53],[-74,-111],[97,-11],[-17,-107],[40,-61],[69,25],[57,-30],[94,38],[-78,110],[46,95],[124,61],[78,64],[71,142],[44,48],[-93,42],[-83,85],[189,35],[68,111],[-89,23],[-92,47],[-83,-12],[-58,27],[-90,-5],[-29,41],[-143,283],[-69,-12],[-71,82],[-52,95],[-6,99],[-92,0],[-67,108],[-51,-2],[-1,98],[-39,64],[104,43],[50,42],[-36,53],[94,151],[-47,30],[-72,-63],[-116,-40],[-3,-65],[-111,-19],[-48,24],[-12,93],[-68,-21],[-111,27],[-1,44],[-99,33],[-54,-18],[-13,141],[21,134],[52,108],[13,77],[43,26],[36,-60],[90,-57],[-18,107],[24,52],[-40,69],[97,57],[-72,38],[36,88],[86,72],[118,11],[23,-40],[81,20],[44,84],[47,17],[69,139],[-23,65],[33,91],[-6,90],[49,89],[41,120],[-6,80],[43,35],[11,79],[39,68],[61,-3],[85,-56],[86,16],[-40,93],[-57,18],[-39,77],[-3,119],[-47,41],[8,96],[64,112],[-26,31],[103,74],[51,73],[37,-43],[120,40],[100,-23]],[[17669,26098],[7,16]],[[28128,24750],[-13,-32],[12,-124],[64,-46],[67,-178],[43,-82],[137,-69],[24,-97],[10,-148],[52,-56],[18,-123],[-4,-136],[-34,-34],[9,-89],[62,-217],[122,-107],[104,-145],[104,-16],[155,-131],[123,-138],[49,-82],[13,-82],[-4,-164],[23,-51],[89,-72],[90,-135],[156,-82],[58,-71],[12,-75],[110,-75],[113,-22],[44,-50],[34,-189],[68,-102],[57,-43],[18,-113],[-49,-151],[-9,-79],[-66,-90],[-97,-75],[-38,-105]],[[29854,20874],[-62,-74],[83,-4],[58,-69],[7,-227],[-198,-3],[-57,81],[-18,93],[54,62],[77,38],[-19,48],[-110,-58],[-84,-22],[-125,-117],[-68,-102],[-78,-30],[-47,-83],[-16,-75],[-120,89],[-18,35],[-94,8],[-65,-135],[-15,-89],[76,-88],[-300,-218],[-22,64],[-120,144],[-66,157],[-92,73],[-82,43],[-174,-46],[95,-40],[131,-160],[0,-28],[83,-113],[-217,-168],[-7,-31],[105,-147],[52,-111],[71,27],[63,-92],[46,-22],[110,19],[-9,-69],[-59,-10],[-23,-50],[85,-71],[62,27],[179,160],[78,-83],[98,87],[141,224],[34,-63],[203,-3],[53,34],[94,-83],[80,-36],[-39,114],[119,-5],[91,28],[102,-22],[34,-75],[-14,-198],[-67,-70],[18,-121],[-33,-126],[15,-89],[-80,-9],[-41,-93],[18,-66],[-93,-70],[-14,-66],[83,-129],[-56,-172],[80,-59],[-58,-78],[-125,26],[-39,-12],[-7,-79],[-225,-76],[-42,-37],[-81,78],[-111,76],[-19,-18],[-230,262],[-28,-108],[-35,-35],[-39,-112],[-55,-67],[-23,-97],[35,-140],[-69,46],[-88,19],[-12,73],[-109,-140],[14,-30],[94,-50],[-29,-101],[91,-77],[-28,-37],[44,-112],[9,-80],[-34,-78],[6,-83],[109,19],[-30,-85],[-43,-18],[-15,-60],[92,-26],[30,-56],[-85,-33],[-8,47],[-105,50],[-96,98],[-79,17],[-163,80],[-111,-14],[-32,-42],[1,-126],[-95,216],[-54,50],[-51,-7],[-10,119],[86,30],[9,61],[-67,5],[-48,50],[23,131],[53,68],[70,13],[-76,78],[-29,125],[85,59],[5,32],[133,68],[2,75],[54,5],[4,75],[47,55],[6,65],[-49,119],[-56,-69],[-68,-10],[30,100],[-54,86],[12,35],[-55,139],[-60,45],[18,78],[-60,67],[-73,15],[-28,-48],[-101,7],[-92,42],[40,155],[92,74],[54,110],[-83,9],[-77,46],[-25,50],[-9,106],[-27,15],[-31,169],[-30,-22],[-218,6],[34,-79],[-9,-167],[-17,-81],[-47,-36],[-127,36],[-60,-3],[-44,-39],[-90,-10],[-46,-41],[-140,-7],[-137,-80],[-209,-43],[-86,94],[-61,37],[-125,-17],[-6,-47],[154,-50],[87,-138],[81,24],[170,-61],[-55,-99],[-59,-1],[-107,-64],[-83,-157],[-8,-94],[144,-47],[16,-39],[-27,-81],[-97,-84],[-90,-18],[-67,-106],[61,-96],[-5,-66],[95,-85],[19,-100],[53,-48],[52,9],[7,-72],[178,-103],[18,-62],[85,-127],[47,33],[112,-75],[-45,-96],[86,27],[106,-35],[61,24],[42,-71],[-11,-43],[63,-37],[63,1],[40,-91],[-54,-7],[-85,68],[-76,-84],[-51,93],[-48,-44],[28,-58],[121,-60],[79,9],[130,-46],[-19,-64],[31,-68],[-4,-60],[61,-68],[25,-64],[-5,-94],[-84,-54],[-32,-71],[-71,-68],[-90,7],[-34,-40],[-152,105],[-104,-79],[-118,62],[-4,65],[-122,-63],[-58,25],[3,47],[-127,3],[-52,-31],[-15,-59],[94,-98],[3,-46],[-77,-63],[9,-48],[174,-43],[105,-43],[64,8],[50,-41],[-88,-84],[-55,-141],[39,-96],[-21,-94],[-72,40],[-26,61],[-88,-33],[-10,-133],[-115,-4],[-33,45],[-85,-93],[107,-153],[-48,-50],[-77,43],[-71,-83],[-38,76],[-71,58],[-53,-23],[-9,-93],[-85,21],[-93,-52],[-29,-63],[5,-74],[-72,38],[-30,-68],[159,-84],[22,-105],[-120,-67],[-51,-3],[-100,101],[-64,35],[83,72],[-78,25],[-38,98],[-62,1],[-61,66],[-107,19],[-74,39],[46,119],[67,-27],[26,85],[-134,142],[-95,47],[-39,76],[-105,9],[-28,-43],[-83,6],[13,71],[-82,19],[-41,95],[-42,-54],[-60,-24],[-23,-75],[-80,66],[-42,61],[-156,-13],[-47,-56],[-291,-30],[-202,77],[8,104],[-90,89],[12,137],[52,36],[91,117],[53,-5],[31,77],[61,58],[-15,67],[73,42],[84,-35],[61,-1],[60,54],[-42,78],[46,89],[-9,150],[12,38],[87,58],[73,130],[97,54],[264,71],[45,285],[82,17],[22,61],[-48,29],[36,56],[-26,44],[77,46],[46,99],[62,12],[35,41],[52,-39],[67,58],[27,-26],[61,-184],[6,-87],[-49,-48],[-26,-98],[21,-66],[113,-51],[83,-2],[133,-37],[52,62],[-10,127],[111,201],[45,110],[89,13],[-16,69],[-93,-2],[-41,141],[-18,153],[1,117],[-104,13],[-115,-37],[-66,-82],[-21,-111],[-46,-19],[-36,59],[-131,62],[-61,-68],[-58,-26],[-69,95],[1,67],[-100,139],[-119,-27],[-192,-227],[22,-75],[-49,-132],[-76,-99],[-5,-48],[-69,-33],[-54,-100],[-66,-32],[-58,12],[-128,-11],[-76,25],[-56,-11],[-84,97],[-105,-3],[-94,-90],[-57,-165],[-87,-47],[-26,-45],[-92,-17],[-35,-44],[-150,-20],[-47,-71],[-16,-75],[-137,-178],[-73,14],[-63,-39],[-41,-57],[-40,9],[-90,-41],[-279,34],[-124,-17],[226,-63],[-9,-71],[61,-42],[28,-60],[-40,-91],[-61,-41],[-3,-127],[-126,-114],[93,-61],[159,-31],[-44,-67],[-34,41],[-80,-6],[-37,-251],[-80,-297],[-72,-75],[-52,-128],[88,-80],[40,-7],[7,-141],[-98,26],[-54,-71],[-72,-14],[-78,136],[-46,1],[-10,-126],[9,-91],[55,-69],[-77,-69],[-5,-41],[-91,-2],[-25,62],[-339,41]],[[18387,11928],[47,-35],[5,-73],[127,25],[19,-76],[61,63],[53,14],[84,-35],[28,20],[158,-78],[91,28],[-7,-101],[-61,-29],[-82,79],[-27,-119],[-44,46],[-32,91],[-65,-49],[-78,11],[4,-67],[-57,-25],[17,-56],[-89,-2],[-70,-105],[-124,-100],[-96,-5],[-72,-46],[-75,38],[-80,-38],[-9,106],[-60,82],[34,38],[7,158],[-36,51],[103,56],[5,55],[61,11],[84,49],[77,74],[99,-56]],[[19373,12168],[60,-44],[69,-6],[22,-51],[57,-15],[80,-74],[-54,-68],[-207,-28],[3,-103],[54,7],[51,-37],[2,-131],[28,-28],[69,45],[37,-32],[-20,-96],[-84,59],[-1,-175],[-52,-49],[30,-50],[-105,-72],[-79,79],[22,68],[-77,28],[-59,-88],[-25,138],[-41,37],[22,52],[-54,37],[80,54],[37,111],[112,101],[-2,32],[-103,67],[0,79],[70,88],[-19,62],[77,3]],[[21612,12384],[15,-44],[80,-22],[61,30],[50,-78],[-62,-45],[98,-185],[51,-20],[33,-115],[-48,-68],[-18,-123],[-27,-53],[-191,11],[-131,-54],[4,43],[-79,71],[-11,52],[-68,16],[-44,-40],[1,-66],[-40,-64],[-50,172],[84,49],[-42,30],[-39,-47],[-36,69],[56,47],[-3,73],[75,89],[15,84],[104,67],[24,70],[77,-1],[61,52]],[[18553,12570],[24,-74],[86,11],[109,-59],[46,43],[103,-27],[3,-46],[77,-54],[20,-72],[61,-31],[-17,-75],[-149,-58],[50,-31],[32,-85],[-20,-39],[-149,24],[26,66],[-123,22],[-29,-114],[38,-93],[-251,70],[10,116],[-78,47],[92,225],[33,124],[-64,44],[26,83],[44,-17]],[[22934,13769],[1,0]],[[22935,13769],[-1,0]],[[21127,13460],[-60,127],[-32,22],[-128,18],[-107,-10],[-135,-51],[-98,71],[-74,6],[-109,54],[-8,57],[178,-63],[77,151],[140,-141],[131,31],[29,127],[140,122],[138,-159],[77,79],[33,-69],[56,47],[95,-20],[41,-124],[27,-4],[86,84],[45,13],[7,-139],[-40,-26],[-45,46],[-48,-20],[-36,-72],[62,-77],[-44,-105],[-63,45],[-42,81],[-65,3],[0,-84],[-64,-39],[-118,-132],[-70,80],[24,71]],[[22935,13769],[30,32],[-47,64],[-144,84],[-54,-70],[-204,111],[34,29],[65,-59],[112,14],[87,123],[-51,48],[22,50],[66,-7],[72,-48],[30,29],[56,-52],[71,-24],[-26,-73],[17,-114],[165,37],[18,48],[119,26],[-1,-41],[122,-97],[17,-56],[98,-72],[-35,-29],[-68,18],[-23,61],[-44,20],[-158,25],[-41,-66],[161,-43],[-18,-50],[-68,21],[-98,-27],[-49,-41],[-148,-195],[-20,162],[131,36],[32,70],[-30,71],[-198,-15]],[[19753,14435],[67,0],[80,-48],[25,-59],[158,-103],[35,-92],[1,-68],[-32,-43],[20,-120],[59,-30],[-22,-65],[116,-173],[5,-73],[68,-71],[99,36],[54,-79],[-40,-69],[-56,-33],[85,-81],[66,-85],[-58,-7],[-48,47],[-169,4],[-69,46],[13,36],[-101,32],[39,-99],[-46,-62],[-132,111],[-145,-1],[-68,-51],[-60,48],[-18,50],[-62,27],[19,44],[-56,99],[-63,10],[-9,76],[-44,9],[-141,106],[-41,71],[2,145],[-34,97],[42,66],[-42,64],[-23,103],[68,63],[23,73],[62,-10],[89,42],[25,-15],[183,77],[76,-45]],[[22112,14373],[-9,-69],[-52,-23],[105,-84],[1,-109],[-83,-20],[-92,50],[-55,-45],[4,-68],[-92,-55],[-79,-19],[-110,71],[-51,-17],[-54,90],[-120,19],[-66,57],[21,133],[57,98],[-3,72],[-94,75],[24,45],[73,-23],[-15,-62],[70,-43],[43,85],[73,-70],[20,-47],[136,32],[92,-91],[23,13],[156,-9],[5,39],[71,86],[-6,103],[51,-18],[31,-67],[-75,-129]],[[21069,14873],[113,-74],[-30,-120],[-136,29],[-30,-40],[95,-41],[43,-49],[106,82],[87,-187],[46,-60],[4,-81],[-92,36],[-204,-94],[-33,-69],[-44,62],[-60,-16],[-124,35],[-118,-33],[-78,-136],[-48,-45],[11,-53],[-45,-39],[-101,9],[55,158],[73,101],[-226,13],[1,83],[122,110],[-48,76],[62,70],[47,109],[65,41],[50,64],[44,15],[84,-21],[118,39],[60,43],[77,16],[54,-33]],[[27190,15179],[63,34],[52,-20],[-66,-73],[94,-3],[38,98],[46,-60],[52,88],[52,-81],[67,-51],[3,-53],[142,-53],[-12,-46],[35,-129],[-78,-125],[-90,50],[-23,-37],[-159,-92],[-98,-39],[-50,40],[55,55],[21,114],[-122,72],[-58,-42],[-86,78],[-6,78],[81,-49],[84,0],[27,60],[-117,56],[-145,-14],[-53,197],[24,78],[116,-51],[41,-66],[70,-14]],[[24713,15531],[37,-9],[95,-107],[35,-104],[-54,-58],[-4,-91],[-65,-83],[-35,-196],[-63,-29],[-44,-69],[-102,21],[-69,-8],[-103,17],[-89,35],[-58,-18],[-48,-79],[-39,53],[-94,-32],[-179,34],[3,44],[-78,35],[-22,115],[-55,-7],[-6,-64],[-83,11],[8,74],[59,49],[-92,162],[99,39],[57,46],[31,93],[45,70],[70,-137],[76,-60],[76,8],[41,78],[80,-25],[203,144],[36,-11],[60,45],[64,-15],[35,-52],[115,67],[57,14]],[[27074,16080],[62,5],[52,-97],[-63,-68],[-104,2],[-20,-45],[115,-27],[47,-94],[-102,29],[-67,-45],[35,-41],[170,-3],[112,-20],[75,-59],[26,-92],[-48,-108],[-188,-22],[-71,38],[-81,-25],[18,-48],[-115,2],[-19,85],[-74,60],[32,41],[131,63],[-23,104],[-71,67],[-66,-14],[-63,29],[17,54],[61,41],[-4,38],[56,89],[98,84],[72,-23]],[[29951,15931],[11,-44],[89,-74],[8,-103],[-133,0],[100,-64],[33,26],[114,-76],[-17,-40],[46,-52],[-66,-68],[-90,16],[-78,-9],[-39,100],[-48,34],[-79,0],[-52,31],[-130,14],[51,52],[-32,54],[-95,12],[47,155],[-112,-48],[-81,82],[-74,9],[-63,75],[75,22],[67,-18],[155,124],[116,47],[170,-49],[37,-48],[-3,-101],[73,-59]],[[15559,16540],[135,13],[113,-16],[30,-79],[85,7],[35,-44],[89,-31],[53,-70],[-10,-56],[-55,-55],[79,-47],[38,-82],[101,-38],[9,65],[121,63],[-20,-88],[62,-3],[17,-66],[81,-79],[-22,-37],[100,-29],[56,-106],[84,-29],[1,-50],[48,-75],[-87,-14],[7,-59],[45,-30],[10,-74],[53,-54],[-57,-38],[-49,79],[-130,-23],[-14,-94],[130,-51],[-132,-164],[70,-143],[-78,-65],[-54,-72],[-34,-93],[-121,-100],[21,-119],[-97,-79],[-69,95],[72,11],[-54,64],[7,104],[-65,-16],[-27,-60],[7,-68],[-84,-53],[-54,4],[-12,59],[-51,-2],[-8,-68],[49,-49],[-56,-32],[57,-57],[19,-96],[76,38],[18,-113],[-64,-62],[-124,0],[-34,-62],[-56,83],[52,92],[-9,93],[-68,86],[-108,16],[-49,-59],[-5,-70],[62,-16],[-40,-64],[-71,24],[-25,-33],[-77,8],[-44,-94],[-95,4],[-74,-38],[-124,50],[46,-97],[-95,-60],[-144,-16],[-48,-48],[-26,77],[-71,-74],[-85,-2],[-71,49],[-12,102],[-100,-10],[9,-73],[-66,-15],[-60,75],[52,74],[-34,44],[75,47],[2,75],[-82,5],[-65,-75],[-113,27],[-52,159],[-95,74],[-25,89],[-54,50],[-15,57],[43,51],[75,202],[150,90],[-13,104],[76,70],[93,12],[84,62],[17,47],[138,80],[125,27],[31,77],[-18,44],[43,72],[116,142],[-22,-205],[32,-25],[125,19],[28,54],[-40,70],[-3,81],[78,33],[111,-5],[-59,64],[17,121],[58,-29],[24,70],[80,3],[141,279],[-102,165],[44,62],[-30,71],[79,19],[23,-55]],[[13719,17041],[107,-6],[127,-108],[-1,-50],[47,-63],[142,-28],[-40,-103],[45,-50],[78,-43],[-82,-59],[7,-88],[-71,-14],[-39,-64],[54,-26],[44,-107],[-35,-24],[-140,14],[24,-111],[-116,-79],[-73,-22],[-95,-78],[-229,22],[-55,48],[15,70],[52,2],[87,-62],[50,45],[-22,51],[119,76],[-45,46],[-48,-25],[-99,38],[-37,-71],[-68,53],[101,96],[91,1],[165,-58],[77,124],[121,106],[15,48],[-115,-4],[-60,117],[-8,94],[-75,107],[-118,-23],[25,108],[-5,83],[83,17]],[[13332,17121],[120,-11],[90,-52],[-9,-140],[-55,-59],[34,-51],[87,-68],[99,9],[80,-221],[-23,-84],[-55,-84],[-35,29],[-202,12],[-16,-73],[-94,-19],[-16,91],[12,81],[-43,57],[29,54],[59,5],[21,66],[-95,48],[-49,97],[50,87],[-30,67],[-20,126],[61,33]],[[14688,17501],[94,-81],[65,-24],[102,-101],[-51,-76],[35,-74],[127,54],[20,-71],[-51,-41],[-64,8],[-82,-32],[-23,-59],[-84,-39],[-54,74],[-62,-16],[-63,-52],[-122,-42],[-82,-59],[-68,23],[65,68],[-66,89],[71,60],[26,81],[-81,45],[-83,1],[19,86],[99,-14],[29,58],[101,55],[31,59],[87,63],[65,-43]],[[7715,17814],[38,-133],[112,-16],[36,19],[6,82],[63,-33],[18,60],[88,-36],[8,-49],[-36,-48],[-92,28],[-63,-49],[13,-47],[-29,-134],[-73,-68],[-113,-13],[48,-135],[-154,-34],[-27,-74],[29,-133],[-82,1],[-90,90],[-84,117],[78,41],[1,47],[-57,54],[13,56],[85,13],[-16,82],[18,59],[62,40],[52,81],[-27,60],[74,92],[101,-20]],[[30110,17988],[43,-104],[-96,-22],[-2,78],[-37,33],[-101,3],[-65,-81],[60,-106],[129,28],[30,-85],[-46,-37],[7,-88],[66,-96],[98,-29],[-5,-77],[30,-62],[-18,-72],[14,-162],[22,-49],[-76,-51],[-22,-94],[23,-76],[-36,-55],[133,-46],[-2,-64],[31,-73],[-44,-35],[-142,-13],[-73,48],[-71,-19],[-39,47],[-95,22],[-62,-15],[-112,140],[-4,60],[-174,39],[-57,85],[32,84],[47,24],[28,76],[-60,60],[31,125],[147,74],[104,103],[-12,34],[68,106],[72,30],[-36,107],[-34,45],[20,113],[-39,69],[-52,16],[-93,162],[30,47],[152,-28],[100,-62],[61,-18],[132,-97],[-5,-42]],[[12883,18141],[196,-71],[0,-90],[85,-94],[90,2],[14,-144],[-32,-66],[-80,-14],[-113,-64],[-79,-70],[12,-83],[-50,-58],[-93,-27],[-106,22],[35,113],[-63,43],[-16,-55],[-104,5],[-49,126],[-52,-5],[-27,-97],[-37,14],[19,89],[-69,19],[-12,75],[25,148],[-5,120],[104,17],[93,35],[87,-16],[16,89],[158,156],[53,-119]],[[14160,18605],[193,50],[19,-75],[78,-98],[88,-44],[56,61],[118,1],[3,-34],[82,-32],[-23,-80],[61,-28],[35,-187],[31,-19],[-59,-81],[13,-114],[-32,-64],[-77,-9],[-83,39],[-109,-17],[34,137],[-23,41],[-77,39],[-38,82],[-106,-47],[-20,-78],[-40,-29],[-68,37],[-3,44],[-119,-14],[-141,-50],[-23,-114],[-63,61],[71,97],[-103,174],[33,126],[75,35],[-47,158],[61,-1],[50,41],[1,87],[152,-95]],[[16561,18754],[64,-57],[100,-41],[-39,-78],[10,-59],[-74,6],[-19,-81],[-54,-52],[-58,33],[-1,127],[78,45],[-7,157]],[[13105,19063],[32,-15],[35,-125],[0,-58],[-34,-82],[-111,-76],[29,-31],[112,-13],[-17,-113],[-84,12],[-57,-25],[-59,-75],[-50,58],[-127,-111],[-23,49],[-70,45],[-93,-33],[-28,-79],[71,-117],[-28,-165],[-39,-28],[-89,3],[-38,-37],[-93,7],[-75,39],[-22,58],[-157,155],[36,76],[6,137],[-11,80],[121,64],[-42,73],[97,37],[-5,-51],[196,-13],[87,15],[153,86],[-12,50],[116,-15],[111,170],[162,48]],[[14266,19913],[135,-61],[143,-14],[113,-102],[-1,-65],[-79,-12],[-128,29],[-4,-104],[115,-48],[35,-44],[-28,-72],[-75,-32],[-7,-61],[-84,25],[-55,39],[-39,-20],[-53,-91],[25,-104],[51,-41],[-35,-73],[-2,-73],[-129,-7],[-35,-39],[-70,9],[15,62],[-47,141],[-100,44],[-83,-64],[46,-126],[-32,-70],[-95,131],[-55,21],[-15,54],[-63,4],[-45,59],[116,35],[95,-109],[42,0],[88,66],[-38,108],[-140,175],[-1,62],[114,13],[90,97],[246,-103],[63,7],[9,85],[-67,115],[64,154]],[[15960,19550],[-29,57],[-140,8],[-35,-81],[-80,-90],[-121,9],[-102,74],[-135,-5],[60,196],[109,-70],[144,-4],[49,24],[29,118],[69,-62],[60,26],[-31,59],[26,162],[73,-18],[37,-47],[63,20],[33,85],[-73,123],[-39,-2],[-99,97],[34,55],[145,80],[64,-53],[-20,-36],[133,-85],[62,60],[105,-28],[100,-170],[-193,-40],[-4,-67],[-60,-14],[-56,-67],[115,-47],[-49,-64],[25,-71],[84,1],[83,30],[70,-16],[87,9],[135,-186],[17,-160],[-70,-19],[15,-84],[-50,-9],[-69,-93],[-65,-10],[-79,24],[-116,67],[83,50],[34,137],[-49,109],[-51,31],[-81,-6],[-41,-48],[-35,79],[-95,8],[-76,-46]],[[13765,20489],[51,45],[98,-62],[-39,-75],[67,-62],[25,-89],[67,1],[36,-62],[-92,-64],[-15,-70],[58,-45],[68,3],[-5,-65],[-41,-74],[-134,-29],[33,-133],[-125,3],[4,-65],[-127,-40],[-53,1],[-55,-74],[-47,15],[-72,103],[-88,13],[-46,43],[-90,-52],[-92,69],[-152,20],[-33,77],[64,5],[54,40],[163,226],[69,130],[67,-25],[87,24],[44,46],[88,-37],[83,25],[63,91],[-32,66],[49,77]],[[29650,20572],[-5,-88],[264,-8],[183,-183],[-3,-328],[-79,2],[-133,70],[-8,176],[-162,2],[-65,-24],[-264,57],[-44,20],[-7,183],[104,35],[3,61],[84,104],[73,53],[77,-72],[-18,-60]],[[29939,20252],[-16,-37],[5,-138],[137,-1],[6,143],[-18,25],[-114,8]],[[14451,21547],[100,-50],[78,12],[115,-83],[-42,-57],[36,-78],[118,-80],[-1,-209],[-26,-58],[-60,-58],[-62,42],[-68,-32],[-49,24],[-56,-24],[-2,-140],[-87,-85],[-77,3],[67,124],[29,139],[-23,205],[79,27],[-93,99],[-106,-14],[-3,-33],[-145,-9],[-76,68],[23,58],[57,-31],[83,74],[-19,33],[98,38],[112,95]],[[13695,22102],[11,23],[-139,83],[115,117],[-51,89],[136,20],[98,-5],[68,40],[97,85],[96,124],[72,50],[65,99],[195,51],[57,-33],[38,56],[103,17],[-1,-47],[-89,6],[-65,-87],[-142,4],[-33,-62],[-47,-171],[20,-49],[-24,-56],[13,-151],[39,-16],[-30,-133],[24,-56],[-121,-61],[25,-100],[-87,-45],[15,-60],[-75,-11],[-208,101],[31,113],[-73,-31],[-64,32],[-67,-62],[-2,126]],[[17702,18293],[-131,-23],[-76,-97],[-52,42],[-29,134],[-77,-69],[-79,9],[-3,52],[-55,10],[-55,-80],[57,-75],[-15,-27],[-116,40],[-75,-1],[-2,76],[-106,-52],[-38,-88],[332,-74],[375,-111],[68,89],[-4,35],[59,112],[22,98]],[[20844,21843],[18,9],[29,3],[8,-1],[27,-7],[7,6],[16,52],[3,9],[10,15],[1,1],[3,3],[35,19],[12,4],[83,18],[8,20],[10,3],[55,-6],[2,0],[1,0],[1,0],[14,16],[2,3],[1,7],[0,3],[-2,4],[23,41],[3,3],[68,70],[52,7],[40,-41],[60,-12],[44,20],[9,13],[77,50],[1,-1],[6,-4],[20,-14],[17,-13],[19,-10],[19,21],[6,6],[4,5],[19,4],[5,2],[22,-6],[56,15],[46,61],[26,23],[31,20],[37,5],[39,-42],[3,-26],[10,-37],[94,-90],[151,-15],[29,19],[32,44],[3,36],[0,8],[19,29],[17,20],[4,3],[35,25],[53,13],[71,15],[76,24],[13,11],[-2,20],[-1,4],[-8,39],[-14,62],[27,44],[25,14],[24,7],[32,14],[21,12],[-10,15],[-2,5],[56,68],[69,68],[-8,15],[-8,11],[-5,8],[-3,7],[-2,4],[-4,20],[1,6],[0,6],[1,61],[-17,44],[37,170],[-10,55],[11,24],[2,4],[52,-10],[38,22],[5,66],[-49,25],[-87,113],[-67,40],[-65,-26],[-182,-4],[-55,-57],[-81,107],[-4,8],[-5,21],[0,1],[6,14],[3,3],[8,3],[0,0],[12,19],[8,15],[19,26],[9,35],[-48,18],[-96,130],[-13,51],[28,42],[-41,70],[-46,48],[-29,24],[-32,19],[-13,2],[-22,29],[9,33],[2,26],[0,2],[-2,5],[-8,17],[-14,22],[-18,18],[-26,2],[-39,4],[-10,3],[-3,2],[-20,15],[-38,29],[-4,11],[-33,2],[-53,-2],[-173,-135],[-101,47],[-50,-33],[-5,-4],[-12,-10],[-8,-2],[-18,0],[-27,-4],[-43,-66],[-86,-31],[-22,-17],[-6,13],[-1,3],[0,1],[-28,-3],[-34,-29],[-4,-5],[-29,-45],[-312,-98],[-85,-18],[-52,45],[-81,13],[-62,63],[-138,40],[-31,-3],[-13,4],[-1,1],[-3,2],[-13,31],[13,46],[14,29],[25,22],[12,17],[2,4],[19,56],[3,3],[2,3],[1,1],[0,0],[2,4],[-3,35],[-29,25],[-103,-32],[-72,-55],[-45,10],[-67,-92],[-1,-5],[2,-17],[2,-12],[0,-1],[-12,-38],[-11,-11],[0,0],[-9,2],[-17,-26],[-10,-21],[-5,-19],[5,-6],[-8,-17],[-46,-78],[22,-34],[-5,-31],[-24,-41],[-66,-2],[-78,-53],[-146,86],[-14,-18],[-6,-19],[-4,-21],[-1,-2],[-10,-9],[-8,-5],[-25,-52],[-21,-14],[-2,-3],[-2,-13],[2,-42],[2,-43],[-1,-9],[-4,-18],[-1,-5],[-7,-3],[-4,-1],[-14,5],[-23,35],[-37,-18],[-142,-2],[89,-136],[53,-57],[14,-5],[5,1],[4,-1],[7,-7],[8,-15],[-1,-8],[0,-1],[-6,-16],[-9,-15],[-59,-12],[-13,-11],[-43,-8],[-9,-1],[-3,-1],[-21,-17],[-6,-7],[-1,-1],[-1,-3],[-3,-33],[9,-33],[-28,-32],[18,-28],[-43,-66],[-26,-5],[-7,-1],[-6,-1],[22,-27],[3,-2],[3,-1],[7,1],[18,4],[26,-5],[-4,-34],[19,-47],[-3,-32],[0,-5],[-5,-28],[-9,-51],[-13,-21],[0,-47],[24,-27],[11,-13],[16,-42],[27,2],[9,4],[6,3],[10,7],[5,0],[3,1],[54,-40],[0,-26],[0,-2],[-1,-4],[0,-4],[0,-2],[-10,-14],[-9,-1],[0,-2],[5,-15],[11,-4],[7,-2],[66,4],[128,71],[58,-42],[23,6],[16,16],[3,10],[11,23],[7,3],[3,1],[26,4],[31,-40],[39,4],[19,8],[7,2],[34,-25],[165,-4],[77,-47],[6,-7],[9,-9],[1,-1],[26,-20],[47,-92],[41,-11],[13,-2],[21,-5],[2,-16],[9,-39],[25,-40],[1,-10],[-1,-4],[0,-9],[-1,-2],[-3,-10],[-4,-10],[20,-37],[42,-60],[-42,-22],[-30,1],[-18,3],[-12,2],[-35,-4],[-27,-17],[-5,-7],[-4,-12],[0,-2],[0,-3],[2,-4],[49,-50],[11,28],[52,21],[22,-16],[3,-5],[6,-12],[2,-9],[0,-1],[0,-4],[-7,-15],[-3,-14],[-2,-10],[0,-4],[0,-5],[1,-3],[8,-13],[8,-6],[118,-2],[74,59],[52,24],[60,-33],[18,-35],[0,0],[2,-10],[1,-7],[0,-2],[0,-1],[1,-8],[0,-2],[0,-1],[13,-9],[10,-4],[13,-3],[20,15]],[[45595,42689],[-36,-32],[59,-196],[-16,-41],[73,-198],[70,-99],[101,-115],[16,-87],[93,-116],[29,-177],[24,-25],[-3,-88],[61,-80],[89,-158],[-96,-119],[12,-124],[66,-141],[7,-67],[-50,-85],[21,-79],[10,-176],[-54,-30],[-42,-99],[-56,-54],[-112,-47],[-61,-47],[-92,-161],[-26,-118],[-101,-106],[-6,-105],[-40,-65],[-8,-70],[41,-168],[-57,-83],[18,-114],[37,-90],[96,-138],[134,-155],[-10,-172],[23,-163],[103,-183],[-55,-22],[-24,-180],[-94,-59],[-16,-74],[46,-128],[-22,-137],[16,-72],[-35,-85],[28,-152],[-55,-127],[-9,-69],[-73,-101],[-40,-19],[-33,-78],[-65,-40],[-10,-70],[-108,-165],[4,-62],[-72,-85],[-9,-110],[-42,-38],[-27,-109],[24,-106],[-23,-34],[6,-94],[-25,-55],[22,-81],[-13,-97],[-32,-56],[61,-120],[-46,-45],[-34,-178],[88,-156],[39,-17],[-47,-85],[44,-119],[-3,-86],[-30,-41],[-95,-41],[-6,-79],[48,-117],[86,-66],[49,5],[40,-141],[44,-84],[-22,-41],[27,-81],[-51,-151],[29,-70],[241,-217],[81,-50],[71,0],[-1,-152],[-121,-16],[-69,-80],[-23,-83],[25,-59],[-78,-43]],[[45523,33400],[-95,-31],[-58,-76],[-119,-2],[-63,-146],[33,-155],[58,-88],[146,119]],[[45425,33021],[288,-99],[2,-34],[-127,-9],[-104,32],[-113,-128],[109,-103],[26,26],[121,26],[-68,-85],[121,-95],[169,-68],[94,18],[25,113],[228,152],[52,-4],[147,115],[14,123],[92,63],[79,141],[75,14],[50,94],[34,23],[45,90],[25,115],[80,14],[60,-88],[80,-6],[-16,-102],[63,-73],[32,-153],[47,-29],[-46,-74],[-7,-84],[37,-48],[-43,-45],[67,-86],[-69,-62],[7,-43],[-60,-44],[-48,-70],[7,-82],[-103,8],[-43,-58],[-2,-132],[25,-66],[-66,-43],[30,-41],[-74,-119],[-70,-68],[-31,-90],[-94,-37],[-34,-67],[-1,-73],[39,-47],[58,-144],[50,-55],[-82,-34],[-1,-71],[38,-69],[-84,-20],[-14,-93],[147,-58],[-66,-52],[-22,-107],[-52,-41],[-22,-101],[31,-48],[-57,-45],[-47,-124],[30,-65],[-122,-183],[2,-87],[-61,-24],[-21,-44],[49,-177],[-19,-95],[-32,-55],[27,-64],[-94,-98],[20,-161],[-28,-90],[-41,-56],[4,-101],[-56,-20],[25,-152]],[[46136,29099],[-44,-142],[-71,-65],[11,-87],[-107,-25],[-39,-154],[-100,48],[-61,16],[-42,-13],[-165,94],[-75,-8],[-10,18],[-8,21],[-5,7],[0,0],[0,1],[-7,3],[-10,3],[-50,3],[-112,35],[-10,-2],[-59,-15],[-18,-5],[1,10],[0,1],[-11,22],[-2,2],[-8,7],[-36,27],[-16,4],[-18,34],[-91,8],[-128,-110],[-20,-5],[-6,-1],[-2,0],[-28,7],[-60,-124],[-53,-8],[-30,-2],[-9,9],[-7,4],[0,0],[-8,3],[-1,0],[-36,10],[-14,3],[-7,-3],[-56,-34],[-4,-7],[-7,-74],[-108,-58],[-7,6],[-5,9],[-4,6],[-1,9],[0,3],[-11,9],[-58,35],[-17,-13],[-32,13],[-15,13],[-11,2],[-1,0],[-49,-22],[-40,28],[-48,12],[-5,3],[-17,28],[-4,17],[-21,18],[-5,41],[-2,26],[17,29],[12,13],[9,8],[1,0],[2,3],[1,2],[1,2],[3,7],[1,3],[10,53],[3,24],[-23,45],[7,7],[9,6],[14,12],[3,7],[4,59],[-54,109],[-99,14],[-48,22],[-18,2],[-13,0],[-15,-2],[-17,-1],[-7,1],[-3,3],[-2,12],[2,4],[1,0],[-1,5],[0,1],[-6,14],[-12,12],[-33,10],[-17,-7],[-20,10],[-19,21],[-5,7],[-27,19],[-49,21],[-82,63],[-76,-57],[-101,51],[-3,8],[-6,5],[-1,1],[-36,21],[-7,-25],[-24,-48],[-13,-13],[-6,-5],[-51,-11],[-102,1],[-38,57],[-14,13],[-18,12],[-29,15],[-11,2],[-14,13],[-56,-6],[-3,-3],[-25,-23],[-8,-13],[19,-27],[0,-1],[0,0],[-15,-13],[-13,-18],[-23,-38],[-26,7],[-38,16],[-4,-1],[-7,-6],[-5,-12],[-13,-44],[0,0],[-1,-1],[0,-3],[-1,0],[-1,0],[-11,-5],[-31,-9],[-20,-4],[-3,7],[-14,14],[-133,-28],[-176,-95],[-25,-20],[-31,-33],[-27,-51],[-4,-8],[0,-2],[1,-3],[1,-2],[0,-1],[-2,-3],[-12,-17],[-7,-11],[-19,-22],[-1,-11],[2,-16],[6,-15],[22,-15],[-17,-21],[-21,-20],[-8,-6],[-9,-21],[18,-26],[-11,-116],[112,-110],[15,-45],[0,-2],[-3,-12],[-1,-7],[-51,-33],[-59,57],[-110,32],[-27,3],[-27,7],[-13,4],[-20,8],[-15,4],[-8,-16],[-15,-62],[-6,-18],[-5,-12],[-25,-42],[-26,-27],[-6,-15],[-1,-4],[-3,-8],[-5,-4],[-9,-1],[-66,32],[-15,14],[-3,3],[-54,-15],[-8,-12],[-7,-19],[-7,-18],[-5,-12],[-74,-41],[-40,-29],[-21,-20],[-10,-17]],[[41646,28277],[-3,-9],[-22,-25],[-29,-25],[-98,-67],[-39,-5],[-93,54],[-113,24],[3,57],[-67,51],[-28,57],[-95,56],[-113,20],[-135,43],[-127,-84],[-137,-46],[-54,72],[-58,-36],[-14,-121],[-87,-143],[-51,-32],[-71,-128],[-88,-67],[-85,95],[-70,-7],[-152,-86],[-90,-17],[-19,-106],[-61,-89],[-91,-39],[-144,33],[-89,-28],[-98,42],[-99,68],[-51,-14],[-70,63],[-92,-44],[-110,5],[-79,61],[-17,84],[-53,47],[-127,13],[-93,-27],[-77,47],[-116,-55],[-71,-95],[-55,31],[-132,-39],[-20,-26],[-113,-18],[-96,54],[-76,18],[-107,73],[-42,109],[-67,2],[-30,53],[0,84],[-71,20],[-133,80],[9,94],[-33,134],[30,80],[-4,102],[-57,27],[-44,129],[29,107]],[[35661,28171],[-71,46],[-22,159],[-38,95],[-83,103],[-107,-19],[-79,43],[-52,-22],[-45,47],[-126,53],[-76,9],[-17,-63],[-159,18],[-25,-60],[-137,-48],[-35,57],[-160,83],[-52,-45],[-4,-118],[-64,-13],[-165,21],[-100,26],[-22,59],[-68,68],[-62,31],[-80,-8],[-103,-45],[-42,9],[-13,155],[66,72],[112,-10],[50,81],[77,0],[67,50],[52,-6],[-20,101],[18,37],[-41,149],[22,34],[-15,124],[-42,81],[14,62],[-44,29],[-39,151],[-231,133],[-32,74],[18,79],[-86,107],[-61,-28],[-99,3],[-82,59],[-2,55],[-64,104],[-3,60],[28,121],[-49,62],[-80,-12],[-71,60],[-82,35],[-81,8],[-18,46],[-139,47],[-77,-73],[-79,-15],[-16,-40],[-207,65],[-116,-35],[-55,-41],[-56,57],[-89,42],[-58,114],[-82,125],[-73,-75],[-121,47],[-15,46],[-91,15],[-74,-80],[-113,20],[25,78],[-40,81],[0,116],[-56,22],[-41,89],[-154,-10],[-83,-31],[-83,71],[-25,115],[27,72]],[[32715,41837],[44,0]],[[32867,41767],[9,-17]],[[33317,41915],[50,13]],[[45066,45563],[35,-66],[74,-78],[-38,-40],[28,-83],[39,-39],[-33,-95],[49,-131],[98,-87],[112,-137],[237,-171],[-21,-72],[-91,-55],[-16,-104],[24,-94],[-52,-53],[10,-127],[44,-94],[18,-127],[-13,-103],[-80,-125],[65,-170],[44,-157],[-12,-34],[25,-126],[-34,-64],[19,-128],[-35,-41],[0,-92],[46,-122],[-13,-59]],[[59748,50041],[-33,-162],[24,-64],[58,-31],[10,-59],[-29,-92],[6,-56],[-48,-37],[10,-158],[-39,-70],[-95,-12],[-118,-56],[-55,-62],[-58,-133],[-27,51],[-133,20],[-57,44],[-65,-12],[-144,97],[-169,40],[-14,67],[-57,33],[-5,73],[20,171],[-118,147],[112,13],[85,29],[100,79],[76,-2],[133,75],[116,-9],[86,21],[77,74],[144,-22],[124,90],[48,-6],[35,-81]],[[36509,22266],[93,-94],[-55,-33],[-33,-75],[-81,25],[-65,-27],[-65,8],[-70,-167],[-46,-29],[-152,73],[-79,-40],[-64,-60],[-215,-36],[30,-119],[49,-45],[-66,-57],[-31,-68],[-48,-24],[15,-61],[72,-12],[65,37],[61,-20],[-8,89],[21,112],[62,47],[119,50],[85,-6],[181,33],[81,97],[-32,68],[18,66],[72,59],[78,-91],[80,61],[26,60],[79,-122],[-36,-107],[58,-14],[-25,-60],[-172,27],[-21,-31],[150,-111],[39,52],[69,-43],[-46,-107],[85,-56],[95,-30],[-3,-90],[-85,-84],[-39,70],[-61,-86],[14,-52],[-41,-74],[-134,-55],[-80,36],[-173,41],[-97,-18],[-117,41],[-67,-31],[-11,-90],[31,-29],[79,37],[156,-20],[68,-35],[22,-49],[-26,-80],[27,-24],[-119,-130],[-12,-139],[-44,-30],[28,-76],[58,-58],[-57,-26],[13,-77],[-115,-124],[41,-94],[-31,-98],[44,-103],[-15,-103],[30,-25],[72,50],[19,44],[-37,64],[100,21],[-22,49],[52,81],[16,65],[-53,84],[115,17],[-1,-52],[74,-57],[-56,-39],[151,-148],[8,-48],[-85,-149],[-65,37],[12,-103],[-67,29],[-25,-49],[53,-78],[-2,-115],[-104,-46],[-58,-50],[-161,18],[-126,-81],[-165,35],[-21,93],[-75,-42],[11,132],[100,125],[118,-7],[94,-27],[88,32],[-41,52],[-108,-21],[-184,31],[-45,72],[40,69],[-97,15],[-61,-107],[-48,-28],[-70,12],[-28,91],[-46,-69],[-105,55],[-87,-22],[-59,89],[-52,-3],[-53,44],[-10,60],[-108,109],[92,71],[83,2],[51,-23],[162,20],[60,-36],[85,30],[-25,67],[28,47],[-39,63],[-65,24],[27,81],[-46,84],[-11,91],[-65,-40],[-27,87],[-107,109],[-37,-37],[1,-82],[32,-53],[-100,-59],[-76,-125],[-31,-190],[-64,-45],[-86,55],[-15,-67],[-135,42],[21,52],[-58,60],[-9,56],[73,29],[6,60],[-100,55],[-186,41],[-115,-32],[-38,61],[-85,-42],[-129,-33],[-32,-28],[63,-137],[-70,-153],[33,-110],[35,-26],[-14,-65],[-244,17],[-132,48],[-19,85],[-49,18],[-60,-90],[-76,19],[3,-83],[-55,-64],[-82,67],[-37,97],[-87,19],[-25,-38],[-95,138],[45,86],[-56,33],[-49,-9],[-148,45],[-132,-21],[-123,57],[-113,113],[-8,59],[-82,104],[119,114],[74,53],[5,89],[-71,51],[-45,111],[-2,105],[95,111],[13,47],[-53,97],[-91,-13],[64,90],[-32,74],[14,109],[-7,107],[64,130],[103,88],[-28,65],[-169,-146],[-16,-59],[-83,-80],[-1,-55],[50,-19],[-44,-85],[-10,-106],[-34,-28]],[[32342,21598],[-72,-24],[-79,51],[28,61],[-37,41],[-105,41],[-91,-7],[-16,-92],[65,27],[63,-18],[27,-86],[93,-86],[12,-115],[77,-24],[17,-64],[-48,-147],[-62,-103],[-105,149],[-88,-118],[35,-47],[-78,-62],[-92,104],[-18,102],[-96,7],[2,-49],[-49,-64],[-84,-3],[16,-90],[-139,59],[5,55],[-34,60],[35,82],[54,35],[-175,138],[-39,-43],[9,-69],[-49,-133],[28,-44],[-79,-52],[16,-102],[-87,-34],[-13,-82],[-56,-78],[-119,-97],[-101,-27],[-119,27],[-69,-20],[-69,85],[16,40],[-49,45],[-12,-133],[-163,-58],[-53,-74],[-54,6],[-147,-104],[-52,137],[-78,12],[-23,72],[-55,55],[-31,137],[-101,-3]],[[41646,28277],[28,-13],[7,-7],[14,-26],[83,1],[60,-32],[6,-47],[-9,-72],[18,-34],[-17,-98],[-37,-51],[-1,-20],[4,-9],[-3,-5],[-15,-6],[-27,-8],[-21,2],[-41,-29],[-115,-139],[-170,-50],[-9,-8],[-12,-10],[-36,-19],[-6,1],[1,-5],[10,-31],[5,-12],[22,-32],[42,-52],[7,-18],[5,-8],[12,10],[20,16],[11,10],[19,13],[18,10],[85,-111],[6,-20],[-1,-16],[-8,-11],[-15,-16],[-5,-11],[0,-10],[3,-24],[-1,-2],[-6,-8],[-8,-10],[-1,-26],[8,-4],[84,15],[30,0],[2,0],[18,-9],[2,-3],[-7,-46],[38,-10],[70,11],[36,19],[30,15],[26,-10],[23,-6],[221,74],[10,-17],[-1,-6],[0,-11],[-2,-24],[-21,-14],[-10,-2],[-11,-15],[1,-34],[-11,-17],[1,-9],[7,-23],[7,-29],[85,-55],[274,-128],[6,-2],[22,-3],[9,-3],[23,6],[26,-19],[29,13],[13,-4],[3,-2],[9,-7],[14,-15],[-4,-15],[-1,-23],[1,-6],[5,-20],[27,-113],[57,-33],[53,-74],[4,-29],[-5,-11],[-6,-12],[12,-23],[43,-20],[47,-61],[27,-19],[15,-13],[22,-16],[15,-40],[8,-10],[26,-23],[84,-43],[4,-6],[3,-6],[6,-7],[5,-5],[11,-10],[32,-27],[91,-53],[213,37],[61,44],[49,-197],[46,-17],[16,0],[15,-3],[11,-8],[14,-19],[18,-50],[19,-10],[13,-6],[7,-26],[2,-18],[-2,-8],[-48,-55],[-47,-30],[-9,-27],[-1,-15],[-48,-36],[-7,-16],[-8,-38]],[[39709,23041],[-14,11]],[[39960,22730],[16,-23]],[[40096,22554],[2,1]],[[39919,22349],[76,-79]],[[39832,22129],[-245,0],[-30,88],[71,98],[99,-2],[20,51],[-94,0],[-34,78],[-3,93],[-71,-37],[-14,-73],[-71,-54],[112,-15],[1,-60],[-93,-115],[-14,-195],[-62,22],[-26,119],[-74,5],[-43,50],[-103,19],[-68,89],[-80,61],[-102,-16],[11,89],[-108,27],[-26,-83],[-58,-15],[-62,60],[38,66],[76,82],[-8,113],[-59,83],[-55,109],[4,51],[-80,-4],[-83,-49],[62,-199],[-104,-72],[-13,74],[-58,135],[-137,-15],[-22,111],[-118,38],[-71,-114],[-59,12],[-10,55],[-55,82],[-5,69],[-95,79],[19,37],[-63,49],[-18,53],[3,160],[-29,91],[181,141],[-197,-24],[-33,-54],[-78,-62],[-109,-144],[56,-133],[89,-26],[56,-83],[-8,-49],[57,-34],[3,-130],[58,-55],[-96,-128],[-77,104],[-37,-24],[1,-83],[68,-31],[159,59],[-5,-96],[24,-229],[71,-78],[74,-31],[102,-106],[-71,-38],[-135,-12],[90,-126],[87,51],[107,-30],[-12,-34],[-82,-40],[-107,-24],[-73,-52],[-162,-19],[-150,-30],[89,134],[-117,47],[-73,68],[11,74],[53,6],[68,89],[-77,32],[-99,15],[-122,39],[31,100],[-75,32],[-47,110],[-54,-142],[-98,-23],[-22,-80],[-111,6],[-94,93],[-88,-8],[-50,-72],[-126,-7],[-87,81],[-71,-21],[-40,-73],[74,-69],[58,-24]],[[35501,19425],[4,-67],[285,-53],[60,-25],[121,43],[35,45],[176,-20],[82,-44],[60,-83],[-21,-20],[21,-110],[-3,-82],[-59,-25],[48,-60],[-54,-60],[-84,-13],[97,-95],[-109,-103],[11,-59],[-178,-36],[-1,66],[-90,-20],[-16,77],[18,68],[-67,4],[-13,121],[-109,60],[-12,-71],[-111,93],[44,39],[65,-28],[44,80],[-11,108],[-115,39],[-113,63],[-94,15],[-49,-84],[-88,78],[52,60],[76,15],[98,84]],[[32446,20344],[-47,-154],[-120,-158],[-3,-71],[-48,-130],[1,-79],[99,-48],[51,46],[-30,41],[-7,118],[149,134],[88,41],[32,-112],[79,-40],[11,-61],[66,-109],[-21,-88],[-55,-10],[-50,-76],[92,16],[-30,-85],[158,-39],[22,-59],[61,-36],[-5,-72],[-54,-12],[-31,75],[-93,-45],[-114,91],[-55,-31],[-58,45],[-171,83],[-48,-97],[-144,-28],[-157,6],[-75,50],[-79,11],[-3,72],[-55,48],[4,59],[-35,64],[5,69],[102,94],[43,13],[116,166],[8,90],[51,89],[69,67],[153,61],[91,11],[37,-20]],[[31224,19672],[62,-109],[32,-23],[37,-155],[59,-45],[107,10],[63,-77],[-8,-109],[25,-65],[97,-58],[112,40],[-2,83],[52,3],[69,48],[-11,60],[55,11],[65,64],[83,8],[89,-24],[108,-8],[1,31],[107,16],[20,-63],[82,-67],[76,36],[104,-59],[51,-92],[-41,-80],[-1,-67],[-78,13],[-18,-77],[48,-66],[-68,-83],[10,-86],[43,-44],[-4,-157],[25,-20],[-4,-92],[-140,-89],[-59,-72],[-6,-114],[132,-75],[44,2],[66,-61],[-107,-37],[-45,-46],[-69,3],[-4,55],[-65,13],[-46,-76],[-55,10],[17,72],[50,98],[-53,59],[-91,3],[2,-74],[-39,-62],[-77,67],[-64,27],[-82,-13],[7,-103],[-54,26],[-188,-31],[-55,72],[47,20],[-22,69],[-47,17],[-42,141],[12,35],[-32,78],[46,225],[52,65],[-22,45],[-79,17],[-50,-28],[-99,2],[-109,-73],[-68,-4],[-64,-66],[23,-101],[51,-54],[-12,-54],[30,-94],[-60,-97],[-78,-16],[-71,-52],[-229,62],[-101,154],[-20,75],[-150,21],[-13,90],[51,2],[19,59],[-22,55],[104,19],[-47,113],[-21,93],[-57,21],[-25,96],[-79,148],[-4,72],[-42,26],[-96,165],[-6,157],[-43,65],[29,91],[70,74],[-6,73],[88,-10],[28,133],[54,147],[58,-3],[82,52],[110,-15],[20,27],[-120,137],[82,161],[52,13],[-3,62],[75,49],[202,67],[77,-64],[192,6],[-19,-80],[32,-165],[46,-56],[-42,-54],[30,-41],[-58,-69],[34,-103],[-49,6],[-97,-66],[-83,-28],[-28,-144],[53,-119]],[[38525,18833],[-35,-67],[-46,-10],[-69,-64],[-62,50],[-82,-29],[-41,-91],[-1,-78],[107,-122],[-20,-50],[48,-41],[154,36],[66,-14],[51,-47],[-86,-75],[-96,64],[-90,0],[-10,-57],[-119,18],[-87,-50],[-20,64],[-70,-65],[65,-46],[32,-81],[109,-58],[-44,-83],[-89,67],[-59,-14],[-30,-72],[-77,-46],[-81,15],[-52,57],[-110,-12],[-76,-49],[22,138],[86,26],[-23,66],[83,4],[78,32],[37,97],[-199,27],[-81,52],[-2,82],[49,81],[-27,58],[44,32],[148,-15],[20,43],[-89,48],[56,58],[-148,-3],[-39,29],[-100,-53],[-45,-86],[-72,6],[-24,107],[76,24],[75,95],[-94,39],[-43,-65],[-89,-70],[-12,89],[60,50],[120,4],[58,28],[83,5],[62,48],[24,144],[-18,83],[93,92],[-91,88],[38,145],[-101,79],[-56,6],[-48,-87],[-46,-39],[17,-97],[-29,-20],[-303,14],[-27,-32],[18,-108],[-114,-149],[-53,8],[-13,96],[-74,60],[1,119],[-185,79],[-37,96],[27,72],[-57,44],[8,105],[-31,44],[37,133],[74,50],[59,81],[13,60],[75,21],[66,53],[85,28],[78,129],[43,7],[83,-33],[63,-89],[54,-46],[100,-40],[85,-55],[69,60],[-40,58],[147,65],[18,-93],[73,-44],[72,11],[67,-19],[58,-121],[64,19],[9,64],[-73,89],[-9,84],[-85,13],[31,90],[-74,22],[-107,118],[1,36],[-60,52],[-1,43],[123,78],[15,50],[-25,85],[79,50],[28,-135],[78,58],[69,8],[74,-31],[26,34],[69,-59],[45,13],[31,221],[45,122],[43,41],[111,53],[-25,91],[19,134],[44,51],[-6,87],[75,18],[106,-21],[56,20],[119,-7],[66,-86],[6,-54],[-28,-82],[-52,-62],[-37,32],[-53,-36],[-1,-58],[-70,-37],[-1,-75],[61,-4],[-57,-135],[34,-89],[43,7],[48,-78],[74,-4],[-9,-76],[42,-78],[73,-54],[-15,-104],[-50,52],[-50,-61],[27,-161],[53,-97],[-28,-40],[-62,36],[-3,-80],[38,-54],[-102,-25],[-37,-79],[-59,-7],[-2,-126],[79,-9],[4,-76],[47,-37],[75,91],[-11,26],[70,86],[95,34],[54,-62],[-14,-78],[50,-111],[-100,-69],[-37,58],[-53,-33],[51,-64],[9,-67],[58,-82],[-107,-45],[-40,85],[-40,5],[-129,-83],[0,-109],[71,-47],[57,83],[84,-46],[8,-41],[-45,-71],[4,-87],[60,-29],[111,-216],[-22,-75],[-64,74],[-70,-4],[-127,32],[50,64],[-54,134],[-36,6],[-85,-62],[22,-106],[-102,-2],[48,84],[-24,37],[-167,63],[-67,-40],[26,-60],[-25,-142],[70,-69]],[[15338,3261],[18,-70],[-78,-1],[3,65],[57,6]],[[21719,4429],[109,-101],[-36,-123],[19,-56],[-86,-52],[13,-71],[59,-8],[16,-57],[83,-51],[27,-157],[52,32],[28,62],[-36,39],[18,53],[52,18],[12,-104],[84,-54],[-19,-51],[-85,64],[-113,-135],[-2,-105],[48,-62],[87,-50],[-68,-81],[-59,44],[22,48],[-50,52],[-46,-30],[25,-61],[-35,-37],[-56,-199],[-53,-51],[46,-42],[-11,-76],[-129,-42],[-89,-48],[-18,-47],[-81,-85],[-12,-70],[-41,-22],[11,-106],[-79,-81],[-92,-132],[-62,-32],[23,-145],[-155,-152],[-72,-14],[-63,25],[-100,-39],[-128,-15],[-62,36],[-82,2],[-40,-64],[-59,-22],[-14,-75],[-135,-78],[-18,-49],[-83,-37],[-41,42],[-210,-57],[-132,-58],[-238,-20],[-50,20],[-79,-24],[-120,-4],[-56,-29],[13,-46],[-33,-56],[-107,-30],[-8,-34],[-78,-18],[2,-72],[-54,-39],[-105,-23],[-42,-40],[-123,104],[-74,14],[-87,-20],[-31,-61],[-60,38],[-46,-23],[-149,28],[-52,-26],[-113,20],[-120,-126],[-95,-7],[-21,34],[-182,-50],[-41,-54],[-108,94],[5,70],[-95,46],[-169,-75],[-96,23],[-56,76],[-97,8],[-241,-123],[-62,3],[-29,-46],[-75,2],[-87,71],[-59,-18],[-134,3],[-46,69],[-95,-24],[-54,-66],[-129,-79],[-33,-39],[-27,-100],[-44,-91],[39,-102],[-43,-17],[-48,61],[-73,-16],[-48,-58],[-74,28],[-31,45],[34,54],[-30,64],[-52,-5],[-58,90],[-84,35],[-69,150],[-65,26],[-72,67],[-88,1],[-71,28],[-100,99],[-92,63],[-32,93],[-94,80],[-3,86],[-61,45],[-12,69],[61,85],[-37,68],[36,111],[-6,83],[-35,6],[-14,116],[55,63],[124,83],[16,115],[46,19],[85,84],[47,-9],[44,70],[70,41],[16,77],[82,90],[92,-9],[39,69],[126,66],[22,94],[66,78],[44,84],[-27,119],[26,24],[85,-14],[56,81],[62,30],[72,-12],[85,57],[79,126],[-23,70],[42,39],[87,-35],[156,6],[23,41],[98,31],[29,51],[54,21],[89,-15],[159,124],[53,1],[31,-60],[124,12],[32,56],[54,-4],[79,63],[29,-17],[120,26],[41,30],[68,-13],[13,77],[61,-3],[86,58],[84,-2],[52,22],[18,64],[84,47],[63,-38],[130,-19],[35,41],[129,-23],[137,80],[121,-17],[26,51],[52,-27],[168,4],[49,88],[68,50],[55,-30],[99,36],[137,-7],[62,-17],[96,222],[82,-36],[101,-102],[99,19],[21,76],[71,-42],[58,6],[72,46],[150,22],[56,37],[98,32]],[[20089,4945],[58,-31],[242,6],[5,77],[206,-5],[92,-59],[45,-50],[101,27],[45,42],[108,-30],[45,-93],[-9,-85],[73,-42],[40,-64],[105,-16],[66,-77],[73,45],[141,4],[24,-35],[86,2],[73,-54],[11,-78]]],"transform":{"scale":[0.0001054379588903112,0.0000882673724980325],"translate":[124.61169218373158,33.124296654293616]},"objects":{"kr-provinces":{"type":"GeometryCollection","geometries":[{"arcs":[[0]],"type":"Polygon","properties":{"name":"서울특별시","base_year":"2018","name_eng":"Seoul","code":"11"}},{"arcs":[[[1,2]],[[3,4,5,6,7,8,9,10]]],"type":"MultiPolygon","properties":{"name":"부산광역시","base_year":"2018","name_eng":"Busan","code":"21"}},{"arcs":[[11,12]],"type":"Polygon","properties":{"name":"대구광역시","base_year":"2018","name_eng":"Daegu","code":"22"}},{"arcs":[[[13]],[[14]],[[15]],[[16,17,18,19,20,21,22,23]],[[24]],[[25]],[[26]],[[27]],[[28]],[[29]],[[30]]],"type":"MultiPolygon","properties":{"name":"인천광역시","base_year":"2018","name_eng":"Incheon","code":"23"}},{"arcs":[[31]],"type":"Polygon","properties":{"name":"광주광역시","base_year":"2018","name_eng":"Gwangju","code":"24"}},{"arcs":[[32]],"type":"Polygon","properties":{"name":"대전광역시","base_year":"2018","name_eng":"Daejeon","code":"25"}},{"arcs":[[33]],"type":"Polygon","properties":{"name":"울산광역시","base_year":"2018","name_eng":"Ulsan","code":"26"}},{"arcs":[[34]],"type":"Polygon","properties":{"name":"세종특별자치시","base_year":"2018","name_eng":"Sejongsi","code":"29"}},{"arcs":[[35,-22,36,-20,37,-18,38,-24,39,40,41,42,43],[44],[45]],"type":"Polygon","properties":{"name":"경기도","base_year":"2018","name_eng":"Gyeonggi-do","code":"31"}},{"arcs":[[46,47,48,49,-41,50]],"type":"Polygon","properties":{"name":"강원도","base_year":"2018","name_eng":"Gangwon-do","code":"32"}},{"arcs":[[-42,-50,51,52,53,54,55,56,57,58,59,60,61,62,63]],"type":"Polygon","properties":{"name":"충청북도","base_year":"2018","name_eng":"Chungcheongbuk-do","code":"33"}},{"arcs":[[[64,-43,-64,65,-62,66,-60,67,68,69],[76],[77]],[[72]],[[73]]],"type":"MultiPolygon","properties":{"name":"충청남도","base_year":"2018","name_eng":"Chungcheongnam-do","code":"34"}},{"arcs":[[[-59,78,79,80,81,82,83,-68]],[[84]]],"type":"MultiPolygon","properties":{"name":"전라북도","base_year":"2018","name_eng":"Jeollabuk-do","code":"35"}},{"arcs":[[[85,86,87,-83,88,-81,89,90],[123],[124]],[[91]],[[92]],[[93]],[[94]],[[97]],[[98]],[[99]],[[100]],[[101]],[[102]],[[103]],[[104]],[[105]],[[106]],[[107]],[[108]],[[109]],[[110]],[[111]],[[112]],[[113]],[[114]],[[115]],[[116]],[[117]],[[118]],[[119],[120]],[[121]],[[122]]],"type":"MultiPolygon","properties":{"name":"전라남도","base_year":"2018","name_eng":"Jeollanam-do","code":"36"}},{"arcs":[[[125,126,127,128,129,-13,130,-79,-58,131,-56,132,-54,133,-52,-49,134]],[[135]]],"type":"MultiPolygon","properties":{"name":"경상북도","base_year":"2018","name_eng":"Gyeongsangbuk-do","code":"37"}},{"arcs":[[[136,137,-90,-80,-131,-12,-130,138,-10,139,-8,140,-6,141,-4,142,-3,143]],[[144]],[[145]],[[146]],[[147]]],"type":"MultiPolygon","properties":{"name":"경상남도","base_year":"2018","name_eng":"Gyeongsangnam-do","code":"38"}},{"arcs":[[[148]],[[149,150]]],"type":"MultiPolygon","properties":{"name":"제주특별자치도","base_year":"2018","name_eng":"Jeju-do","code":"39"}}]}}}